geneID,geneName,geneType,pairGeneID,pairGeneName,pairGeneType,interactionNum,totalExpNum,totalSeqTypeNum,totalReadsNum,interactionLocus,alignment,expNum,seqTypeNum,readsNum,FreeEnergy,AlignScore.Smith.Waterman.,CellLine.Tissue
MIMAT0005896,hsa-miR-1244,miRNA,ENSG00000006432,MAP3K9,protein_coding,1,1,1,1,chr12:9239491:9239520:-|chr14:70750039:70750072:-,"GUGUAU-GUACU---UAGC-UGUACUAUAAGUAGU,| |:|:  :||:   :|||   | |:| ||||||:,CCCGUGGAGUGGUCAGUCGUUGAGGGU-UUCAUCG",1,1,1,-16.8,12,hESCs
MIMAT0005896,hsa-miR-1244,miRNA,ENSG00000023734,STRAP,protein_coding,1,1,1,2,chr2:231713376:231713400:+|chr12:15903212:15903236:+,"GGUUUGUAUGAGAUGGUUAAAAAGG,||:||||||: : | :||||||||:,CCGAACAUAUAUAAGUAAUUUUUCU",1,1,2,-19.4,23,hESCs
MIMAT0005896,hsa-miR-1244,miRNA,ENSG00000039560,RAI14,protein_coding,1,1,1,1,chr12:9239449:9239468:-|chr5:34832358:34832377:+,"AAG-GCCAAAGAUAAAAGGUU,||| ||    ||:|||||||:,UUCACG-ACACUGUUUUCCAG",1,1,1,-15.7,17.5,hESCs
MIMAT0005896,hsa-miR-1244,miRNA,ENSG00000062485,CS,protein_coding,1,1,1,2,chr12:9239467:9239501:-|chr12:56272240:56272275:-,"CUAUAAGUAGUUGGUUUGUAUGAGAUGG--UUAAAAA,|   | ||||| ||:||||||    |||   ||||||,GUCUUCCAUCA-CCGAACAUAAGACACCUUCAUUUUU",1,1,2,-22.3,21.5,Lymphoblastoid
MIMAT0005896,hsa-miR-1244,miRNA,ENSG00000067560,RHOA,protein_coding,1,1,1,1,chr12:9239457:9239479:-|chr3:49360118:49360141:-,"AGAUGGUU-AAAAAGGCCAAAGAU,||||:: | ||||||||||  :||,UCUAUUUACUUUUUCCGGUCAUUA",1,1,1,-17.6,22,Lymphoblastoid
MIMAT0005896,hsa-miR-1244,miRNA,ENSG00000081154,PCNP,protein_coding,1,1,1,1,chr12:9239472:9239507:-|chr3:101593534:101593600:+,"GCU--GUACUAUAAGUAGU-----------------------UGGUUUGU-------AUGAGAUGGUU,||:  :|||| ||||:|:|                       ||||||||       | ||:|::|:|,CGGUUUAUGA-AUUCGUUAUACAUGUAAAUUUAAAAACCACCACCAAACACAAAAUUUUCUUUGUCGA",1,1,1,-24.1,16,hESCs
MIMAT0005896,hsa-miR-1244,miRNA,ENSG00000082516,GEMIN5,protein_coding,1,1,1,1,chr12:9239475:9239509:-|chr5:154927412:154927446:-,"UAGCUGUACUAUAAGUAGUUGGUUUGUA--UGAGAUG,|||||||  |    :|  |: |||||||   || ||:,AUCGACA--AACAGUAGGAGACAAACAUUUCCUGUAU",1,1,1,-16.4,14,Lymphoblastoid
MIMAT0005896,hsa-miR-1244,miRNA,ENSG00000084207,GSTP1,protein_coding,1,1,1,1,chr12:9239478:9239495:-|chr11:67585224:67585241:+,"GUAGUUGGUUUGUAUGAG,:|||||||| |: |||||,UAUCAACCACAUCUACUC",1,1,1,-16.9,21.5,Lymphoblastoid
MIMAT0005896,hsa-miR-1244,miRNA,ENSG00000085719,CPNE3,protein_coding,1,1,1,1,chr2:231713409:231713452:+|chr8:86559562:86559600:+,"AAAAGGUUUCUUUUUUUUU-CCUUUUUUGUCUAUGAAGUUGCUGU,||||| ||||||||||:|| ||||||   ||||   |||||| ||,UUUUCAAAAGAAAAAAGAAAGGAAAA---AGAU---UCAACGUCA",1,1,1,-30.4,47.5,hESCs
MIMAT0005896,hsa-miR-1244,miRNA,ENSG00000087086,FTL,protein_coding,1,1,1,1,chr12:9239458:9239478:-|chr19:48966816:48966836:+,"GAUGGUUAAAAAGGCCAAAGA,|||:||||| ||:||     |,CUAUCAAUUCUUUCGACGGAU",1,1,1,-15.9,20,Lymphoblastoid
MIMAT0005896,hsa-miR-1244,miRNA,ENSG00000100316,RPL3,protein_coding,1,1,1,1,chr2:231713354:231713427:+|chr22:39316802:39316835:-,"CUUAGCUGUACUAUAAGUAGUUGGUUUGUAUGAGAUGGUUAAAAAGGCCAAAGAUAAAAGGUUUCUUUUUUUUU,||| || |||||                       ||||   |||||||             |||||:||   |,GAA-CGUCAUGA-----------------------ACCA---UUUCCGG-------------AAGAAGAAUCUA",1,1,1,-23.7,16,Lymphoblastoid
MIMAT0005896,hsa-miR-1244,miRNA,ENSG00000106546,AHR,protein_coding,1,1,1,2,chr12:12112004:12112053:+|chr7:17344506:17344555:+,"AUAAGUAGU--UGGUUUGUAUGAGAUGGUUAAAAAGGCC-AAAGAUAAAAGGU,||  |||:|   |:|: ||||   || :|||||||::|| |||| |  |||||,UAACCAUUACUUCUAGUCAUA---UAGUAAUUUUUUUGGAUUUCAAACUUCCA",1,1,2,-27.1,26.5,Lymphoblastoid
MIMAT0005896,hsa-miR-1244,miRNA,ENSG00000106723,SPIN1,protein_coding,1,1,1,1,chr12:9239478:9239500:-|chr9:88468541:88468564:+,"UAUAAGUAGUUGGU--UUGUAUGAG,| |||| |||||||   ||||::||,AGAUUC-UCAACCAUGUACAUGUUC",1,1,1,-18.6,21,hESCs
MIMAT0005896,hsa-miR-1244,miRNA,ENSG00000109971,HSPA8,protein_coding,1,1,1,1,chr2:231713369:231713393:+|chr11:123060146:123060167:-,"AGUAGUUGGUUUGUAUGAGAUGGUU,||:||||||:|::|    :||::||,UCGUCAACCGAGUA---AUUAUUAA",1,1,1,-19.2,18,hESCs
MIMAT0005896,hsa-miR-1244,miRNA,ENSG00000112118,MCM3,protein_coding,1,1,1,2,chr12:9239468:9239493:-|chr6:52264293:52264319:-,"AGUUGG-UUUGUAUGAGAUGGUUAAAA,|:|||| ||||| || |||||  |  |,UUAACCCAAACACACCCUACCCUUCAU",1,1,2,-18.6,23.5,hESCs
MIMAT0005896,hsa-miR-1244,miRNA,ENSG00000115866,DARS1,protein_coding,1,1,1,1,chr12:9239481:9239504:-|chr2:135907185:135907206:-,"GUACUAUAAGUAGUUGGUUUGUAU,||||:  |||||  ::|::||| :,CAUGGAUUUCAU--GUCGGACACG",1,1,1,-15.1,12.5,Lymphoblastoid
MIMAT0005896,hsa-miR-1244,miRNA,ENSG00000118564,FBXL5,protein_coding,1,1,1,2,chr12:9239473:9239492:-|chr4:15605217:15605236:-,"GUUGGUUUGUAUGAGAUGGU,|| ||||||| |||: |||:,CACCCAAACAAACUUAACCG",1,1,2,-17.9,20.5,hESCs
MIMAT0005896,hsa-miR-1244,miRNA,ENSG00000121380,BCL2L14,protein_coding,11,5,1,15,chr12:9239452:9239474:-|chr12:12112087:12112109:+,"GUUAAAAAGGCCAAAGAUAAAAG,:|:||| ||||||||:| ||| :,UAGUUUGUCCGGUUUUUUUUUAU",1,1,1,-18.5,25,Lymphoblastoid
MIMAT0005896,hsa-miR-1244,miRNA,ENSG00000121380,BCL2L14,protein_coding,11,5,1,15,chr12:9239452:9239478:-|chr12:12112087:12112113:+,"GAUGGUUAAAAAGGCCAAAGAUAAAAG,:   :|:||| ||||||||:| ||| :,UAUGUAGUUUGUCCGGUUUUUUUUUAU",1,1,1,-18.5,25,hESCs
MIMAT0005896,hsa-miR-1244,miRNA,ENSG00000121380,BCL2L14,protein_coding,11,5,1,15,chr12:9239456:9239490:-|chr12:12112091:12112124:+,"UGGUUUGUAUGAGAUGGUUAAAAAGGCCAAAGAUA,| |||| :|:: :   :|:||| ||||||||:| |,AACAAA-GUGUGUAUGUAGUUUGUCCGGUUUUUUU",1,1,1,-20.5,22,hESCs
MIMAT0005896,hsa-miR-1244,miRNA,ENSG00000121380,BCL2L14,protein_coding,11,5,1,15,chr12:9239456:9239474:-|chr12:12112091:12112109:+,"GUUAAAAAGGCCAAAGAUA,:|:||| ||||||||:| |,UAGUUUGUCCGGUUUUUUU",1,1,1,-17.1,22,hESCs
MIMAT0005896,hsa-miR-1244,miRNA,ENSG00000121380,BCL2L14,protein_coding,11,5,1,15,chr2:231713391:231713413:+|chr12:12112087:12112109:+,"GUUAAAAAGGCCAAAGAUAAAAG,:|:||| ||||||||:| ||| :,UAGUUUGUCCGGUUUUUUUUUAU",1,1,1,-18.5,25,hESCs
MIMAT0005896,hsa-miR-1244,miRNA,ENSG00000121380,BCL2L14,protein_coding,11,5,1,15,chr2:231713391:231713427:+|chr12:12112069:12112109:+,"GUUAAAAAGGCCAAA----GAUAAAAGGUUUCUUUUUUUUU,:|:||| ||||||||    :||||| :|:  |||: :   :,UAGUUUGUCCGGUUUUUUUUUAUUUGUCGUUGAAGUGUCUG",1,1,2,-22.7,23,hESCs
MIMAT0005896,hsa-miR-1244,miRNA,ENSG00000121380,BCL2L14,protein_coding,11,5,1,15,chr2:231713391:231713421:+|chr12:12112075:12112109:+,"GUUAAAAAGGCCAAA----GAUAAAAGGUUUCUUU,:|:||| ||||||||    :||||| :|:  |||:,UAGUUUGUCCGGUUUUUUUUUAUUUGUCGUUGAAG",1,1,1,-22.1,23,Lymphoblastoid
MIMAT0005896,hsa-miR-1244,miRNA,ENSG00000121380,BCL2L14,protein_coding,11,5,1,15,chr2:231713387:231713409:+|chr12:12112091:12112113:+,"GAUGGUUAAAAAGGCCAAAGAUA,:   :|:||| ||||||||:| |,UAUGUAGUUUGUCCGGUUUUUUU",1,1,1,-17.7,22,hESCs
MIMAT0005896,hsa-miR-1244,miRNA,ENSG00000121380,BCL2L14,protein_coding,11,5,1,15,chr2:231713391:231713409:+|chr12:12112091:12112109:+,"GUUAAAAAGGCCAAAGAUA,:|:||| ||||||||:| |,UAGUUUGUCCGGUUUUUUU",2,1,2,-17.7,22,hESCs
MIMAT0005896,hsa-miR-1244,miRNA,ENSG00000121380,BCL2L14,protein_coding,11,5,1,15,chr2:231713391:231713406:+|chr12:12112094:12112109:+,"GUUAAAAAGGCCAAAG,:|:||| ||||||||:,UAGUUUGUCCGGUUUU",1,1,3,-16.6,20.5,hESCs
MIMAT0005896,hsa-miR-1244,miRNA,ENSG00000121380,BCL2L14,protein_coding,11,5,1,15,chr5:118974665:118974693:+|chr12:12112075:12112107:+,"UAAAAAGGCCAAA----GAUAAAAGGUUUCUUU,:||| ||||||||    :||||| :|:  |||:,GUUUGUCCGGUUUUUUUUUAUUUGUCGUUGAAG",1,1,1,-19.9,21.5,hESCs
MIMAT0005896,hsa-miR-1244,miRNA,ENSG00000122483,CCDC18,protein_coding,1,1,1,1,chr2:231713356:231713384:+|chr1:93212142:93212167:+,"UAGCUGUACUAUAAGUAGUU-GGUUUGUAU,||:|||    ||  |:|||: ||||||:||,AUUGAC----UAAACGUCAGUCCAAACGUA",1,1,1,-21,19,hESCs
MIMAT0005896,hsa-miR-1244,miRNA,ENSG00000126261,UBA2,protein_coding,1,1,1,1,chr2:231713365:231713406:+|chr19:34469600:34469643:+,"UAUAAGUAGUUGGUUUGUAUGAGA-UGGUUA--AAAAGGCCAAAG,| :|| :||||::   ||||||:| ||||||     |||| |||:,AAGUUAGUCAAUU-CUCAUACUUUUACCAAUCUAGAUCCGAUUUU",1,1,1,-24.6,21.5,hESCs
MIMAT0005896,hsa-miR-1244,miRNA,ENSG00000130227,XPO7,protein_coding,1,1,1,14,chr12:9239461:9239493:-|chr8:21924355:21924385:+,"AGUUGGUUUGUAUGAGAUGGUUAAAAAGGCCAA,| |||:||||  ||   ||||||  ||||   |,UGAACUAAACCCAC--GACCAAUCAUUCCUCAU",1,1,14,-19.1,17.5,HeLa
MIMAT0005896,hsa-miR-1244,miRNA,ENSG00000131845,ZNF304,protein_coding,1,1,1,3,chr12:9239472:9239497:-|chr19:57358120:57358145:+,"AAGUAGUUGGUUUGUA-UGAGAUGGUU,| ::||:||||  |:| |:||||||:|,UGUGUCGACCA-UCGUUAUUCUACCGA",1,1,3,-24.9,19,hESCs
MIMAT0005896,hsa-miR-1244,miRNA,ENSG00000134686,PHC2,protein_coding,1,1,1,1,chr12:9239472:9239505:-|chr1:33329006:33329039:-,"UGUACUAUAAGUAGUUGGUUUGUAUGAGAUGGUU,:   |   |||||| ||: :||  |||||||| |,GGCCGCCCUUCAUCUACUCGACCGACUCUACCCA",1,1,1,-23.5,23,hESCs
MIMAT0005896,hsa-miR-1244,miRNA,ENSG00000143797,MBOAT2,protein_coding,1,1,1,1,chr2:231713370:231713418:+|chr2:8877126:8877163:-,"GUAGUUGGUUUGUAUGAG-AUGGUUAAAAAGGCCAAAGAUAAAAGGUUUC,|||||:  |||||| ||| | :||      ||||   |     ||| |:|,CAUCAG--AAACAUUCUCGUUUCA-----CCCGG--AC---GGUCCUAGG",1,1,1,-21.2,19.5,hESCs
MIMAT0005896,hsa-miR-1244,miRNA,ENSG00000143799,PARP1,protein_coding,1,1,1,1,chr12:9239472:9239505:-|chr1:226365971:226366002:-,"UGUACUAUAAGUAGU-UGGUUUGUAUGAGAUGGUU,::|||     || || ||||| |:||||| || |:,GUAUGCGUAACA-CACACCAA-CGUACUC-ACAAG",1,1,1,-18.1,17.5,hESCs
MIMAT0005896,hsa-miR-1244,miRNA,ENSG00000145431,PDGFC,protein_coding,1,1,1,1,chr12:9239463:9239498:-|chr4:156959467:156959514:-,"UAAGUAGUUGGUUUGUAUGAG---------------AUGGUUAAAAAGGCC,|||| |||  ||||| |||||                |:|||||| |:|||,AUUC-UCA--CAAACUUACUCGGGGUCUUGGUGUCCGAUCAAUUUGUUCGG",1,1,1,-23.4,22,HeLa
MIMAT0005896,hsa-miR-1244,miRNA,ENSG00000146463,ZMYM4,protein_coding,1,1,1,3,chr12:9239472:9239490:-|chr1:35393693:35393711:+,"UGGUUUGUAUGAGAUGGUU,|||||||:| ||| |||:|,ACCAAACGUUCUCCACCGA",1,1,3,-21.9,23,hESCs
MIMAT0005896,hsa-miR-1244,miRNA,ENSG00000159445,THEM4,protein_coding,1,1,1,2,chr12:9239472:9239494:-|chr1:151874379:151874401:-,"UAGUUGGUUUGUAUGAGAUGGUU,| ||| |||||| |||||||| |,AACAAACAAACAAACUCUACCCA",1,1,2,-21.6,28,Lymphoblastoid
MIMAT0005896,hsa-miR-1244,miRNA,ENSG00000166710,B2M,protein_coding,1,1,1,1,chr2:231713372:231713451:+|chr15:44715583:44715623:+,"AGUUGGU-UUGUAU--GAGAUGGUUAAAAAGGCCAAAGAUAAAAGGUUUCUUUUUUUUUCCUUUUUUGUCUAUGAAGUUGCUG,| |::|| | |||:  |||||:|    ||||:|||                       ||||                |||||,UAAGUCACAUCAUGUUCUCUAUC----UUUCUGGU----------------------CAGGA----------------ACGAC",1,1,1,-25.1,18.5,Lymphoblastoid
MIMAT0005896,hsa-miR-1244,miRNA,ENSG00000170312,CDK1,protein_coding,1,1,1,1,chr12:9239436:9239478:-|chr10:60794224:60794260:+,"GAUGGUUAAAAAGGCCAAAGAUAAAAGGUUUCUUUUUUUUCCU,||||:||    |:|||||   :|||   ||||:|    |||||,CUACUAA---AUUCGGUU-GAGUUUAAAAAAGGA--CUAAGGA",1,1,1,-21.2,14,hESCs
MIMAT0005896,hsa-miR-1244,miRNA,ENSG00000178950,GAK,protein_coding,1,1,1,2,chr12:9239477:9239508:-|chr4:898068:898091:-,"AGCUGUACUAUAAGUAGUU--GGUUUGUAUGAGA,||||||         |||:  |||  || :||||,UCGACA---------UCAGUCCCA-UCACGCUCU",1,1,2,-15.5,12,hESCs
MIMAT0005896,hsa-miR-1244,miRNA,ENSG00000182168,UNC5C,protein_coding,1,1,1,1,chr12:9239486:9239506:-|chr4:95330547:95330567:-,"CUGUACUAUAAGUAGUUGGUU,||||||     : ||||||||,GACAUGUAUCCUUUCAACCAA",1,1,1,-18.7,16,hESCs
MIMAT0005896,hsa-miR-1244,miRNA,ENSG00000182621,PLCB1,protein_coding,1,1,1,1,chr12:9239472:9239491:-|chr20:8883063:8883081:+,"UUGGUUUGUAUGAGAUGGUU,|:||||||:||  :||||:|,AGCCAAACGUA-GUUACCGA",1,1,1,-21.8,19,hESCs
MIMAT0005896,hsa-miR-1244,miRNA,ENSG00000187653,TMSB4XP8,processed_pseudogene,2,1,1,2,chr12:9239450:9239491:-|chr4:90839022:90839064:-,"UUGGUUUGUAUGAGAUGGUUAAAAAGGCCAAAG--AUAAAAGGU,: |||||||  || ||||||    |||  ||||       |||:,GCCCAAACAGUCUGUACCAACGCCUCC-UUUUCGCCUCGCUCCG",1,1,1,-27.3,21,Lymphoblastoid
MIMAT0005896,hsa-miR-1244,miRNA,ENSG00000187653,TMSB4XP8,processed_pseudogene,2,1,1,2,chr12:9239466:9239489:-|chr4:90839024:90839047:-,"GGUUUGUAUGAGAUGGUUAAAAAG,|||||||  || ||||||    ||,CCAAACAGUCUGUACCAACGCCUC",1,1,1,-20.2,21,Lymphoblastoid
MIMAT0005896,hsa-miR-1244,miRNA,ENSG00000196405,EVL,protein_coding,1,1,1,1,chr12:9239473:9239503:-|chr14:100103393:100103422:+,"UACUAUAAGUAGUUGGUUUGUAUGAGAUGGU,:     | |  ||||:|  |:| ||||||||,GACCCCUCCUACAACUAUUCGU-CUCUACCA",1,1,1,-21.9,19,Lymphoblastoid
MIMAT0005896,hsa-miR-1244,miRNA,ENSG00000198712,MT-CO2,protein_coding,4,3,1,7,chr2:231713371:231713405:+|chrM:7703:7739:+,"UAGUUGGUUU-GU-AUGAGAUGGUUA--AAAAGGCCAAA,|||||:|||| ||  ||||   ||||  |||||| || |,AUCAAUCAAAACAACACUC--ACAAUCCUUUUCCCGUAU",1,1,1,-21.3,26.5,Lymphoblastoid
MIMAT0005896,hsa-miR-1244,miRNA,ENSG00000198712,MT-CO2,protein_coding,4,3,1,7,chr12:9239450:9239493:-|chrM:7649:7691:+,"AGUUGGUUUGUAUGAGAUGGUUAAAAAGGC-CAAAGAUAAAAGGU,||: |:|  |   :|:|||:|||  | |||   |  || ||||||,UCGUCUAUUC--CUUUUACUAAUACUCCCGCACUAGUACUUUCCA",1,1,1,-20.2,13,hESCs
MIMAT0005896,hsa-miR-1244,miRNA,ENSG00000198712,MT-CO2,protein_coding,4,3,1,7,chr12:9239463:9239500:-|chrM:7886:7929:+,"UAUAAGUAGUUGGUUUGUAUGAGAUGGUU--------AAAAAGGCC,:    |||||:|||  |||:  |  ||||             ||||,GGCGGCAUCAGCCA--CAUGAGCAUCCAAGUCAUGGUAACCACCGG",1,1,4,-25.2,16.5,hESCs
MIMAT0005896,hsa-miR-1244,miRNA,ENSG00000198712,MT-CO2,protein_coding,4,3,1,7,chr12:9239451:9239500:-|chrM:8092:8141:+,"UAUAAGUAGUUGGUUUGUAUGAGAUG-GUUAAAAAGGCCAAAGAUAAAAGG,:    : ||| ||||||  | |||:|  :   ||  ||    | |   |:|,GCCACUUUCA-CCAAACCAAAUCUGCAGGCCCUUAACGUAGACAAAAAUUC",1,1,1,-15.7,14.5,hESCs
MIMAT0005896,hsa-miR-1244,miRNA,ENSG00000198763,MT-ND2,protein_coding,1,1,1,1,chr12:9239453:9239492:-|chrM:4703:4742:+,"GUUGGUUUGUAU--GAGAUGGUUAAAAAGGCCAAAGAUAAAA,:|||||  ||||  |  ||||||  |  | ||  |||  | |,UAACCA-UCAUAACCAAUACCAA-GUAACAGGCCUCUCAUAU",1,1,1,-17.9,14,hESCs
MIMAT0005896,hsa-miR-1244,miRNA,ENSG00000198786,MT-ND5,protein_coding,1,1,1,2,chr12:9239474:9239495:-|chrM:12914:12934:+,"GUAGUUGGUUUGUAUGAGAUGG,|| || |||:| :||||| |||,CAACACCCAGA-GUACUCAACC",1,1,2,-18,18,hESCs
MIMAT0005896,hsa-miR-1244,miRNA,ENSG00000198886,MT-ND4,protein_coding,2,1,1,2,chr12:9239466:9239492:-|chrM:10880:10903:+,"GUUGGUUUGUAUGAGAUGGUUAAAAAG,||||  |||| |||  ||||||||||:,CAAC--AACA-ACUAAACCAAUUUUUU",1,1,1,-19.2,27,hESCs
MIMAT0005896,hsa-miR-1244,miRNA,ENSG00000198886,MT-ND4,protein_coding,2,1,1,2,chr12:9239472:9239492:-|chrM:11656:11677:+,"GUUGGUUUGUAUGAGA-UGGUU,|  |||||| |||||| |||:|,CCCCCAAACCUACUCUUACCGA",1,1,1,-21.1,24.5,hESCs
MIMAT0005896,hsa-miR-1244,miRNA,ENSG00000198888,MT-ND1,protein_coding,1,1,1,1,chr12:9239472:9239494:-|chrM:4153:4173:+,"UAGUUGGUUUGUAUGAGAUGGUU,|||  |||  ||||||| ||||:,AUCCUCCA--CAUACUCAACCAG",1,1,1,-20.1,20,Lymphoblastoid
MIMAT0005896,hsa-miR-1244,miRNA,ENSG00000198899,MT-ATP6,protein_coding,4,3,1,4,chr12:9239476:9239498:-|chrM:8633:8656:+,"UAAGUAGUUGGUU--UGUAUGAGAU,| | ||||:||||  || |||||||,ACUAAUCAGCCAACAAC-UACUCUA",1,1,1,-19,24.5,hESCs
MIMAT0005896,hsa-miR-1244,miRNA,ENSG00000198899,MT-ATP6,protein_coding,4,3,1,4,chr12:9239475:9239493:-|chrM:8632:8651:+,"AGUUGGU--UUGUAUGAGAUG,|||:|||  ||| |||||||:,UCAGCCAACAAC-UACUCUAU",1,1,1,-19.3,22.5,hESCs
MIMAT0005896,hsa-miR-1244,miRNA,ENSG00000198899,MT-ATP6,protein_coding,4,3,1,4,chr12:9239472:9239495:-|chrM:8968:8990:+,"GUAGUUGGUUUGUAUGAGAUGGUU,|: :|||||| | |||||  ||:|,CGAUAACCAA-CUUACUCAUCCGA",1,1,1,-18.7,17,hESCs
MIMAT0005896,hsa-miR-1244,miRNA,ENSG00000198899,MT-ATP6,protein_coding,4,3,1,4,chr12:9239473:9239498:-|chrM:9013:9037:+,"UAAGUAGUUGGUUUGUAUGAGAUGGU,| ||||| |||::||:| | :||| |,ACUCAUCCACCGGACGU-CAUUACAA",1,1,1,-20.1,18,Lymphoblastoid
MIMAT0005896,hsa-miR-1244,miRNA,ENSG00000198938,MT-CO3,protein_coding,7,4,1,13,chr2:231713373:231713422:+|chrM:9324:9364:+,"GUUGGUUUGUAUGAGAUGGUUAAAAAGGCCAAAGAUAAAAGGUUUCUUUU,|||:|| |||      ||||||   |||||  || ||  |||  : || |,CAAUCACACA------ACCAAU-CAUCCGG-AUC-AUACUCCUCGCAAUA",1,1,3,-22.7,15.5,hESCs
MIMAT0005896,hsa-miR-1244,miRNA,ENSG00000198938,MT-CO3,protein_coding,7,4,1,13,chr12:9239466:9239498:-|chrM:9320:9354:+,"UAAGUAGUUGGUUU-GUAUGAGAUG-GUUAAAAAG,|   |||| ||::| |||||||  | ||||   ||,ACCAAUCAUCCGGAUCAUACUCCUCGCAAUACCUC",2,1,2,-21.4,20,hESCs
MIMAT0005896,hsa-miR-1244,miRNA,ENSG00000198938,MT-CO3,protein_coding,7,4,1,13,chr12:9239471:9239494:-|chrM:9298:9350:+,"UAGUUGGUUU-GUAUGAG----------------------------AUGGUUA,|||| ||::| |||||||                            ||||:||,AUCAUCCGGAUCAUACUCCUCGCAAUACCUCACCUUCACUUUAGUGUACCGAU",1,1,1,-21.1,20,hESCs
MIMAT0005896,hsa-miR-1244,miRNA,ENSG00000198938,MT-CO3,protein_coding,7,4,1,13,chr12:9239474:9239494:-|chrM:9322:9350:+,"UAGUUGGUUU-GUAUGAG-------AUGG,|||| ||::| |||||||       ||||,AUCAUCCGGAUCAUACUCCUCGCAAUACC",1,1,1,-19.5,20,hESCs
MIMAT0005896,hsa-miR-1244,miRNA,ENSG00000198938,MT-CO3,protein_coding,7,4,1,13,chr12:9239459:9239493:-|chrM:9290:9349:+,"AGUUGGUUU-GUAUGAG----------------------------AUGGUUAAAAAGGCCAAAG,||| ||::| |||||||                            ||||:|    |||||  ||,UCAUCCGGAUCAUACUCCUCGCAAUACCUCACCUUCACUUUAGUGUACCGA----UCCGGCCUC",1,1,1,-27.4,18,hESCs
MIMAT0005896,hsa-miR-1244,miRNA,ENSG00000198938,MT-CO3,protein_coding,7,4,1,13,chr12:9239454:9239496:-|chrM:9495:9530:+,"AGUAGUUGGUUUGUAUGAGAUGGUUAAAAAGGCCAAAGAUAAA,||  |:|:| :||   ||| ||||  |||||||   ||| |||,UCCCCGAUCCGAC---CUC-ACCA--UUUUCCG-AGUCUUUUU",1,1,2,-23.2,19,hESCs
MIMAT0005896,hsa-miR-1244,miRNA,ENSG00000198938,MT-CO3,protein_coding,7,4,1,13,chr12:9239473:9239499:-|chrM:9852:9880:+,"AUAAGUAGUUGGU--UUGUAUGAGAUGGU,|  | |||||||:   || |  ||||:||,UUAUAAUCAACCGCCUACUUCGUCUAUCA",1,1,3,-18.4,14,hESCs
MIMAT0005896,hsa-miR-1244,miRNA,ENSG00000204713,TRIM27,protein_coding,1,1,1,3,chr12:9239472:9239492:-|chr6:28920111:28920132:-,"GUUGGU-UUGUAUG-AGAUGGUU,:|||:| :|:| || ||||||::,UAACUACGAUA-ACAUCUACCGG",1,1,3,-15.8,14.5,hESCs
MIMAT0005896,hsa-miR-1244,miRNA,ENSG00000210082,MT-RNR2,Mt_rRNA,3,3,1,4,chr12:9239465:9239510:-|chrM:1698:1751:+,"UUAGCUGUACUAUA----AGUAGUUGGUUUGUAUGAG-----AUGGUUAAAAAGG,|:  ||:|||| ||     |||: |||||||  |:||      |||| |  ||||,AGCGGAUAUGAAAUAAACCCAUUUACCAAACCGAUUCCAACAGACCA-UCAUUCC",1,1,2,-25.6,19,hESCs
MIMAT0005896,hsa-miR-1244,miRNA,ENSG00000210082,MT-RNR2,Mt_rRNA,3,3,1,4,chr12:9239472:9239495:-|chrM:1709:1732:+,"GUAGUUGGUUUGUAUGAGAUGGUU,|||: |||||||  |:|| | ||:,CAUUUACCAAACCGAUUCCAACAG",1,1,1,-17.1,16.5,hESCs
MIMAT0005896,hsa-miR-1244,miRNA,ENSG00000210082,MT-RNR2,Mt_rRNA,3,3,1,4,chr12:9239473:9239510:-|chrM:2412:2458:+,"UUAGCUGUA-C-UAUAAGUA-------GUUGGUUUG-UA-UGAGAUGGU,|||:|: |  | ||| ||:|       ||||| ||| :| ||||  |||,AAUUGGAAAGGAAUACUCGUACGGACACAACCCAACUGUCACUC--CCA",1,1,1,-17.7,15.5,Lymphoblastoid
MIMAT0005896,hsa-miR-1244,miRNA,ENSG00000211459,MT-RNR1,Mt_rRNA,2,2,1,2,chr12:9239467:9239489:-|chrM:1257:1279:+,"GGUUUGUAUGAGAUGGUUAAAAA,||||||:  :||||||:   | |,CCAAACGACUUCUACCGCCAUAU",1,1,1,-21.4,17,hESCs
MIMAT0005896,hsa-miR-1244,miRNA,ENSG00000211459,MT-RNR1,Mt_rRNA,2,2,1,2,chr12:9239450:9239480:-|chr5:80651448:80651478:-,"GAGAUGGUUAAAA--AGGCCAAAGAUAAAAGGU,:||||||:   |   ||||   || :|| ||||,UUCUACCGCCAUAUAUCCGAC-UC-GUUCUCCA",1,1,1,-19.8,12,Lymphoblastoid
MIMAT0005896,hsa-miR-1244,miRNA,ENSG00000225338,RPL23AP18,processed_pseudogene,1,1,1,1,chr2:231713425:231713451:+|chr1:212309494:212309517:-,"UUUCCUUUUUUGUCUAUGAAGUUGCUG,:||||||:||:| ||     | :||::,GAAGGAAGAAGC-GA--AAGCCGCGGU",1,1,1,-15.6,17,hESCs
MIMAT0005896,hsa-miR-1244,miRNA,ENSG00000225972,MTND1P23,unprocessed_pseudogene,2,3,2,26,chr12:9239472:9239504:-|chr1:629323:629353:+,"GUACUAUAAGUAGUUGGUUUGUAUGAGAUGGUU,:   | |  :|||  |||  ||||||| ||||:,UCAAAAAAGUAUCCUCCA--CAUACUCAACCAG",1,1,1,-21.9,20,Lymphoblastoid
MIMAT0005896,hsa-miR-1244,miRNA,ENSG00000225972,MTND1P23,unprocessed_pseudogene,2,3,2,26,chr12:9239459:9239489:-|chr1:629310:629338:+,"GGUUUGUAUGAGAUGGUUAAAAAGGCCAAAG,|||  ||||||| ||||:  |  ||     |,CCA--CAUACUCAACCAGCAUCGCCUUAGCC",2,1,25,-20.2,20,HeLa
MIMAT0005896,hsa-miR-1244,miRNA,ENSG00000227890,PSMA2P3,processed_pseudogene,1,1,1,1,chr12:9239473:9239490:-|chr2:202179851:202179866:+,"UGGUUUGUAUGAGAUGGU,|||:| ||||||: |||:,ACCGA-CAUACUU-ACCG",1,1,1,-18,17,Lymphoblastoid
MIMAT0005896,hsa-miR-1244,miRNA,ENSG00000228474,OST4,protein_coding,1,1,1,1,chr2:231713373:231713392:+|chr2:27070629:27070648:-,"GUUGGUUUGUAUGAGAUGGU,|||| ||||||||   ||:|,CAACGAAACAUACAACACUA",1,1,1,-16,21,Lymphoblastoid
MIMAT0005896,hsa-miR-1244,miRNA,ENSG00000229344,MTCO2P12,unprocessed_pseudogene,1,1,1,1,chr12:9239471:9239511:-|chr1:632887:632925:+,"CUUAGCUGUACUAUAAGUAGUUGGUUU-GU-AUGAGAUGGUUA,|| || |||  ||  | |||||:|||| ||  ||||   ||||,GACUCUACA--AUCAUAAUCAAUCAAAACAACACUC--ACAAU",1,1,1,-17.6,18.5,Lymphoblastoid
MIMAT0005896,hsa-miR-1244,miRNA,ENSG00000231389,HLA-DPA1,protein_coding,1,1,1,3,chr12:9239448:9239473:-|chr6:33065076:33065105:-,"UUAAAAAGG---CCA-AAGAUAAAAGGUUU,:|  |||||    || | |||||||||:|:,GAAGUUUCCUCUUGUCUCCUAUUUUCCGAG",1,1,3,-16,19.5,Lymphoblastoid
MIMAT0005896,hsa-miR-1244,miRNA,ENSG00000240409,MTATP8P1,unprocessed_pseudogene,2,1,1,2,chr12:9239476:9239492:-|chr1:633802:633819:+,"GUUGGUU--UGUAUGAGAU,||:||||  || |||||||,CAGCCAACAAC-UACUCUA",1,1,1,-15.5,20.5,hESCs
MIMAT0005896,hsa-miR-1244,miRNA,ENSG00000240409,MTATP8P1,unprocessed_pseudogene,2,1,1,2,chr12:9239473:9239494:-|chr1:633591:633612:+,"UAGUUGGUUUGUAUGAG--AUGGU,|||||||  || |||||  ||:||,AUCAACC-CAC-UACUCCUUAUCA",1,1,1,-17,19.5,hESCs
MIMAT0005896,hsa-miR-1244,miRNA,ENSG00000248527,MTATP6P1,unprocessed_pseudogene,4,3,1,4,chr2:231713370:231713424:+|chr1:634122:634159:+,"GUAGUUGGUUUGUAUGAGAUGGUUAAAAAGGCCAAAGAUAAAAGGUUUCUUUUUU,|: :|||||| | |||||  ||:|            |||    ||||||  |  |,CGAUAACCAA-CUUACUCAUCCGA------------CUA----CCAAAGCUAUUA",1,1,1,-22.6,17,Lymphoblastoid
MIMAT0005896,hsa-miR-1244,miRNA,ENSG00000248527,MTATP6P1,unprocessed_pseudogene,4,3,1,4,chr12:9239472:9239494:-|chr1:633798:633821:+,"UAGUUGGUU--UGUAUGAGAUGGUU,||||:||||  || |||||||: ||,AUCAGCCAACAAC-UACUCUAUAAA",1,1,1,-20.9,25,Lymphoblastoid
MIMAT0005896,hsa-miR-1244,miRNA,ENSG00000248527,MTATP6P1,unprocessed_pseudogene,4,3,1,4,chr12:9239475:9239498:-|chr1:633962:633985:+,"UAAGUAGUUGGUUUGUAUGAGAUG,|  || |||||| |: |||||  :,ACCCACCAACCACAUUUACUCACU",1,1,1,-15.8,18.5,hESCs
MIMAT0005896,hsa-miR-1244,miRNA,ENSG00000248527,MTATP6P1,unprocessed_pseudogene,4,3,1,4,chr12:9239462:9239492:-|chr1:634000:634028:+,"GUUGGUUUGUAU-GAGAUGGUUAAAAAGGCCA,|:: |:|::||  | |||||::|    ||| |,CGGGCGAGUAUUCCCCUACCGGUA---CCGAU",1,1,1,-22.5,11,Lymphoblastoid
MIMAT0005896,hsa-miR-1244,miRNA,ENSG00000249780,AC093809.1,processed_pseudogene,1,1,1,3,chr2:231713371:231713404:+|chr4:12640607:12640633:-,"UAGUUGGUUUGUAUGAGAUGGUUAAAAAGGCCAA,| |||:|| |||      ||||||   ||||| |,ACCAAUCACACA------ACCAAU-CAUCCGGAU",1,1,3,-21.8,15.5,hESCs
MIMAT0005896,hsa-miR-1244,miRNA,ENSG00000250742,LINC02381,lncRNA,1,1,1,2,chr12:9239472:9239510:-|chr12:54131758:54131784:+,"UUAGCUGUACUAUAAGUAGUUGGUUUGUAUGAGAUGGUU,:  |||| |||       || ||||||:   ||||||:|,GUCCGAC-UGA-------CA-CCAAACG---UCUACCGA",1,1,2,-25,19,hESCs
MIMAT0005896,hsa-miR-1244,miRNA,ENSG00000254772,EEF1G,protein_coding,1,1,1,1,chr12:9239474:9239495:-|chr11:62572620:62572641:-,"GUAGUUGGUUUGUAUGAGAUGG,|: |||||||||  ::|:||||,CGCCAACCAAACCGGUUUUACC",1,1,1,-20.9,20.5,Lymphoblastoid
MIMAT0005896,hsa-miR-1244,miRNA,ENSG00000254999,BRK1,protein_coding,1,1,1,2,chr12:9239470:9239509:-|chr3:10126515:10126576:+,"UAGCUGU----------------ACUAUAAGUAGUUGGUU----UGU--AUGAGAUGGUUAA,| |||||                   |:|||||| ||  |    |||   |||:| ||| ||,ACCGACACUUACAGAGUUUAUGUAACUGUUCAUCUACAUAUUUUACAAUGACUUUUCCAUUU",1,1,2,-20.1,14.5,Lymphoblastoid
MIMAT0005896,hsa-miR-1244,miRNA,ENSG00000272398,CD24,protein_coding,1,1,1,1,chr12:9239463:9239493:-|chr6:106970028:106970058:-,"AGUUGGUUUGUAUGAGAUGGUUAAAAAGGCC,|  |:|||| :  :||||||  ||||||| |,UACAUCAAAAGAUUUCUACCUUUUUUUCCUG",1,1,1,-23.4,20,hESCs
MIMAT0005896,hsa-miR-1244,miRNA,ENSG00000285920,AC087721.2,protein_coding,1,1,1,1,chr2:231713384:231713416:+|chr15:41286041:41286069:+,"UGAGAUGGUUAAAAAGGCCAAAGAU-AAAAGGUU,|||||||: || |||:||     |:  ||||||:,ACUCUACUUAUAUUUUCG-----UGGAUUUCCAG",1,1,1,-21.3,21,hESCs
MIMAT0005896,hsa-miR-1244,miRNA,LSU-rRNA,LSU-rRNA,rRNA,1,1,1,1,chr12:9239468:9239498:-|chr21:8214203:8214235:+,"UAAGUAGUUGGU---UUGUAUGAGAUGGUUAAAA,:  || |::|||   | |: | ||||||     |,GAGCA-CGGCCAUAAAUCGGAAUCUACCUCAAAU",1,1,1,-17.1,12,Lymphoblastoid
MIMAT0005896,hsa-miR-1244,miRNA,ENSG00000104332,SFRP1,protein_coding,2,2,1,3,chr2:231713445:231713471:+|chr8:41264867:41264889:-,"GUUGCUGUUUAUUUUUUUUGGCCUGUU,|||||||||         |||  |||:,CAACGACAACCUUU----ACCAAACAG",1,1,2,-16.2,18,hESCs
MIMAT0005896,hsa-miR-1244,miRNA,ENSG00000104332,SFRP1,protein_coding,2,2,1,3,chr12:9239455:9239494:-|chr8:41263904:41263937:-,"UAGUUGGUUUGUAUGAGAUGGUUAAAAAGGCCAAAGAUAA,|  |||:|:::||      ||: |  |||  |||||  ||,AGAAACUAGGUAU------CCGUUAGUUCAAGUUUCCUUU",1,1,1,-16.2,10,hESCs
MIMAT0005896,hsa-miR-1244,miRNA,ENSG00000111640,GAPDH,protein_coding,1,1,1,1,chr12:9239473:9239498:-|chr12:6537313:6537336:+,"UAAGUAGUUGGUU-UGUAUGAGAUGGU,||||:|||||||  ||:| | || ||:,AUUCGUCAACCACCACGU-C-CU-CCG",1,1,1,-23.4,21.5,hESCs
MIMAT0005896,hsa-miR-1244,miRNA,ENSG00000130702,LAMA5,protein_coding,1,1,1,1,chr12:9239452:9239486:-|chr20:62309129:62309163:-,"UUGUAUGAGAUGGUUAAAAAGGCCAAAGAUAAAAG,: :|  :|:|||| |  || ||||||| ||||||:,GUUAAUUUUUACCCACCUUCCCGGUUUAUAUUUUU",1,1,1,-20.8,26.5,hESCs
MIMAT0005896,hsa-miR-1244,miRNA,ENSG00000133112,TPT1,protein_coding,1,1,1,3,chr2:231713382:231713413:+|chr13:45339527:45339558:-,"UAUGAGAUGGUUAAAAAGGCCAAAG-AUAAAAG,: |||  | |||    || ||     |||||||,GAACUAAA-CAAGACGUCGGGGACAGUAUUUUC",1,1,3,-15.2,14,hESCs
MIMAT0005896,hsa-miR-1244,miRNA,ENSG00000138029,HADHB,protein_coding,1,1,1,1,chr12:9239481:9239498:-|chr2:26290338:26290356:+,"UAAGUA-GUUGGUUUGUAU,|| |:| ||||||||||||,AUCCGUGCAACCAAACAUA",1,1,1,-18.7,24.5,Lymphoblastoid
MIMAT0005896,hsa-miR-1244,miRNA,ENSG00000147168,IL2RG,protein_coding,2,1,1,2,chr2:231713442:231713454:+|chrX:71110932:71110944:-,"GAAGUUGCUGUUU,: ||:|||||||:,UCUCGACGACAAG",1,1,1,-15.8,17.5,Lymphoblastoid
MIMAT0005896,hsa-miR-1244,miRNA,ENSG00000147168,IL2RG,protein_coding,2,1,1,2,chr12:9239412:9239424:-|chrX:71110932:71110944:-,"GAAGUUGCUGUUU,: ||:|||||||:,UCUCGACGACAAG",1,1,1,-15.8,17.5,Lymphoblastoid
MIMAT0005896,hsa-miR-1244,miRNA,ENSG00000156261,CCT8,protein_coding,1,1,1,1,chr12:9239472:9239511:-|chr21:29061285:29061325:-,"CUUAGCUGUACUAUAAGUAGUUGGUUUGUAUGAGA---------UGGUU,||| | ||||||    |:|   :||||:   ||||         |||::,GAA-CUACAUGA----CGUAUUUCAAAU---CUCUAAUGAAGUAACCGG",1,1,1,-17.9,13,hESCs
MIMAT0005896,hsa-miR-1244,miRNA,ENSG00000171766,GATM,protein_coding,1,1,1,1,chr12:9239451:9239497:-|chr15:45361795:45361838:-,"AAGUAGUUGGUUUGUAUGAGAUGGUUAAAAA-----GGCCAAAGAUAAAAGG,||::||  |||       ||||||||||  |     ||||||       |||,UUUGUCU-CCA-------UCUACCAAUUAAUAAUCACCGGUUCAAUGAGUCC",1,1,1,-23.1,20,Lymphoblastoid
MIMAT0005896,hsa-miR-1244,miRNA,ENSG00000177600,RPLP2,protein_coding,1,1,1,1,chr12:9239455:9239479:-|chr11:812814:812838:+,"AGAUGGUUAAAAAGGCCAAAGAUAA,|  |::|:||||||||||||  : |,UAAAUUAGUUUUUCCGGUUUAGGGU",1,1,1,-21.8,26.5,Lymphoblastoid
MIMAT0005896,hsa-miR-1244,miRNA,ENSG00000180448,ARHGAP45,protein_coding,1,1,1,1,chr12:9239449:9239481:-|chr19:1067233:1067263:+,"UGAGAUGGUUAAAAAGGCCAAAGAUAAAAGGUU,|| |  ||::       |||| :  ||||||:|,AC-CGCCCGGGAGGGG-GGUUGUCCUUUUCCGA",1,1,1,-16,13.5,Lymphoblastoid
MIMAT0005896,hsa-miR-1244,miRNA,ENSG00000183715,OPCML,protein_coding,1,1,1,3,chr12:9239472:9239495:-|chr11:132600467:132600492:-,"GUAGUUGG-UUUGUAUGAGAU-GGUU,|||||| : |||||||||||  ||:|,CAUCAAAUAAAACAUACUCUCCCCGA",1,1,3,-23.4,26.5,hESCs
MIMAT0005896,hsa-miR-1244,miRNA,ENSG00000187514,PTMA,protein_coding,4,3,2,25,chr12:9239425:9239447:-|chr2:231711926:231711947:+,"CUUUUUUUUCCUUUUUUGUCUAU,|||:||::| |||:||:|||||:,GAAGAAGGA-GAAGAAGCAGAUG",1,1,1,-20.9,25.5,hESCs
MIMAT0005896,hsa-miR-1244,miRNA,ENSG00000187514,PTMA,protein_coding,4,3,2,25,chr12:9239435:9239457:-|chr2:231713264:231713284:+,"UAAAAGGUUUCUUUUUUUUCCUU,|| ||||||  ||||||:|||||,AUGUUCCAA--AAAAAAGAGGAA",1,1,1,-16.7,29.5,HeLa
MIMAT0005896,hsa-miR-1244,miRNA,ENSG00000187514,PTMA,protein_coding,4,3,2,25,chr12:9239434:9239453:-|chr2:231713263:231713280:+,"AGGUUUCUUUUUUUUCCUUU,|||||  ||||||:||||||,UCCAA--AAAAAAGAGGAAA",2,1,22,-16,28.5,HeLa
MIMAT0005896,hsa-miR-1244,miRNA,ENSG00000187514,PTMA,protein_coding,4,3,2,25,chr12:12112049:12112068:+|chr2:231713264:231713281:+,"AAGGUUUCUUUUUUUUCCUU,||||||  ||||||:|||||,UUCCAA--AAAAAAGAGGAA",1,1,1,-16.7,28.5,HeLa
MIMAT0005896,hsa-miR-1244,miRNA,ENSG00000198744,MTCO3P12,unprocessed_pseudogene,3,2,1,3,chr2:231713371:231713402:+|chr1:634511:634535:+,"UAGUUGGUUUGUAUGAGAUGGUUAAAAAGGCC,| |||:|| |||      ||||||   |||||,ACCAAUCACACA------ACCAAUCA-UCCGG",1,1,1,-21.8,15.5,hESCs
MIMAT0005896,hsa-miR-1244,miRNA,ENSG00000198744,MTCO3P12,unprocessed_pseudogene,3,2,1,3,chr2:231713376:231713392:+|chr1:634895:634909:+,"GGUUUGUAUGAGAUGGU,||:||||| |||  |||,CCGAACAUCCUC--CCA",1,1,1,-15.6,17.5,hESCs
MIMAT0005896,hsa-miR-1244,miRNA,ENSG00000198744,MTCO3P12,unprocessed_pseudogene,3,2,1,3,chr2:231713370:231713393:+|chr1:634519:634540:+,"GUAGUUGGUUUGUAUGAGAUGGUU,|||  ||||| || ||   |||||,CAUAUACCAAUCACAC--AACCAA",1,1,1,-16,14,hESCs
MIMAT0005896,hsa-miR-1244,miRNA,ENSG00000204186,ZDBF2,protein_coding,1,1,1,2,chr2:231713366:231713445:+|chr2:206281617:206281661:+,"AUAAGU--AGUUGGUUUGUAUGAGAUGGUUAAAAAGGCCAAAGAUAAAAGGUUUCUUUUUUUUUCCUUUUUUGUCUAUGAAG,||||||  | :|||   |:| ||||:              ||||   |  || |||                   ||||||:,UAUUCACUUGGACCU--CGU-CUCUG--------------UUCUUGAUA-CAUAGA-------------------AUACUUU",1,1,2,-18.1,12,hESCs
MIMAT0005896,hsa-miR-1244,miRNA,ENSG00000204427,ABHD16A,protein_coding,1,1,1,1,chr12:9239470:9239507:-|chr6:31686992:31687036:-,"GCUGUACUAUAA--GUAGU-UGGUUUGUAU----GAGAUGGUUAA,: |:  |:||    |||:| ::|  |||||    |||| ||||||,UUAUUAGGUAAGUACAUUACGUCCUACAUACAACCUCUUCCAAUU",1,1,1,-19.2,20,hESCs
MIMAT0005896,hsa-miR-1244,miRNA,ENSG00000211892,IGHG4,IG_C_gene,1,1,1,2,chr12:9239476:9239507:-|chr14:105624500:105624530:-,"GCUGUACUAUAAGUAGUUGGUU-UGUAUGAGAU,||| | || |  |||| ||||| ||:| ||| :,CGAGAAGACACACAUC-ACCAACACGU-CUCGG",1,1,2,-20.9,17.5,Lymphoblastoid
MIMAT0005896,hsa-miR-1244,miRNA,ENSG00000214182,PTMAP5,transcribed_processed_pseudogene,48,9,2,142,chr12:9239442:9239474:-|chr13:81690983:81691018:+,"GUUAAAAAGGCCAAA---GAUAAAAGGUUUCUUUUU,:|:||| ||||||||   :||||| :|:  |||: |,UAGUUUGUCCGGUUUUUUUUAUUUGUCGUUGAAGUA",4,1,7,-23.1,24,"Lymphoblastoid,hESCs"
MIMAT0005896,hsa-miR-1244,miRNA,ENSG00000214182,PTMAP5,transcribed_processed_pseudogene,48,9,2,142,chr12:9239438:9239474:-|chr13:81690979:81691018:+,"GUUAAAAAGGCCAAA---GAUAAAAGGUUUCUUUUUUUUC,:|:||| ||||||||   :||||| :|:  |||: |   |,UAGUUUGUCCGGUUUUUUUUAUUUGUCGUUGAAGUAUCUG",2,1,5,-23.1,24,hESCs
MIMAT0005896,hsa-miR-1244,miRNA,ENSG00000214182,PTMAP5,transcribed_processed_pseudogene,48,9,2,142,chr12:9239442:9239478:-|chr13:81690983:81691022:+,"GAUGGUUAAAAAGGCCAAA---GAUAAAAGGUUUCUUUUU,:   :|:||| ||||||||   :||||| :|:  |||: |,UAUGUAGUUUGUCCGGUUUUUUUUAUUUGUCGUUGAAGUA",1,1,1,-23.1,24,Lymphoblastoid
MIMAT0005896,hsa-miR-1244,miRNA,ENSG00000214182,PTMAP5,transcribed_processed_pseudogene,48,9,2,142,chr12:9239444:9239474:-|chr13:81690985:81691018:+,"GUUAAAAAGGCCAAA---GAUAAAAGGUUUCUUU,:|:||| ||||||||   :||||| :|:  |||:,UAGUUUGUCCGGUUUUUUUUAUUUGUCGUUGAAG",3,1,7,-23.1,24,"Lymphoblastoid,hESCs"
MIMAT0005896,hsa-miR-1244,miRNA,ENSG00000214182,PTMAP5,transcribed_processed_pseudogene,48,9,2,142,chr12:9239444:9239478:-|chr13:81690985:81691022:+,"GAUGGUUAAAAAGGCCAAA---GAUAAAAGGUUUCUUU,:   :|:||| ||||||||   :||||| :|:  |||:,UAUGUAGUUUGUCCGGUUUUUUUUAUUUGUCGUUGAAG",1,1,4,-22.7,24,hESCs
MIMAT0005896,hsa-miR-1244,miRNA,ENSG00000214182,PTMAP5,transcribed_processed_pseudogene,48,9,2,142,chr12:9239445:9239474:-|chr13:81690986:81691018:+,"GUUAAAAAGGCCAAA---GAUAAAAGGUUUCUU,:|:||| ||||||||   :||||| :|:  |||,UAGUUUGUCCGGUUUUUUUUAUUUGUCGUUGAA",2,1,2,-21.4,24,hESCs
MIMAT0005896,hsa-miR-1244,miRNA,ENSG00000214182,PTMAP5,transcribed_processed_pseudogene,48,9,2,142,chr12:9239445:9239480:-|chr13:81690986:81691024:+,"GAGAUGGUUAAAAAGGCCAAA---GAUAAAAGGUUUCUU,: :   :|:||| ||||||||   :||||| :|:  |||,UGUAUGUAGUUUGUCCGGUUUUUUUUAUUUGUCGUUGAA",1,1,1,-21.4,24,hESCs
MIMAT0005896,hsa-miR-1244,miRNA,ENSG00000214182,PTMAP5,transcribed_processed_pseudogene,48,9,2,142,chr12:9239438:9239473:-|chr13:81690979:81691017:+,"UUAAAAAGGCCAAA---GAUAAAAGGUUUCUUUUUUUUC,|:||| ||||||||   :||||| :|:  |||: |   |,AGUUUGUCCGGUUUUUUUUAUUUGUCGUUGAAGUAUCUG",1,1,1,-21.3,24,hESCs
MIMAT0005896,hsa-miR-1244,miRNA,ENSG00000214182,PTMAP5,transcribed_processed_pseudogene,48,9,2,142,chr12:9239442:9239473:-|chr13:81690983:81691017:+,"UUAAAAAGGCCAAA---GAUAAAAGGUUUCUUUUU,|:||| ||||||||   :||||| :|:  |||: |,AGUUUGUCCGGUUUUUUUUAUUUGUCGUUGAAGUA",2,1,2,-21.3,24,"Lymphoblastoid,hESCs"
MIMAT0005896,hsa-miR-1244,miRNA,ENSG00000214182,PTMAP5,transcribed_processed_pseudogene,48,9,2,142,chr12:9239446:9239478:-|chr13:81690987:81691022:+,"GAUGGUUAAAAAGGCCAAA---GAUAAAAGGUUUCU,:   :|:||| ||||||||   :||||| :|:  ||,UAUGUAGUUUGUCCGGUUUUUUUUAUUUGUCGUUGA",2,1,2,-20.6,24,"Lymphoblastoid,hESCs"
MIMAT0005896,hsa-miR-1244,miRNA,ENSG00000214182,PTMAP5,transcribed_processed_pseudogene,48,9,2,142,chr12:9239446:9239474:-|chr13:81690987:81691018:+,"GUUAAAAAGGCCAAA---GAUAAAAGGUUUCU,:|:||| ||||||||   :||||| :|:  ||,UAGUUUGUCCGGUUUUUUUUAUUUGUCGUUGA",2,1,2,-20.6,24,"Lymphoblastoid,hESCs"
MIMAT0005896,hsa-miR-1244,miRNA,ENSG00000214182,PTMAP5,transcribed_processed_pseudogene,48,9,2,142,chr12:9239447:9239474:-|chr13:81690988:81691018:+,"GUUAAAAAGGCCAAA---GAUAAAAGGUUUC,:|:||| ||||||||   :||||| :|:  |,UAGUUUGUCCGGUUUUUUUUAUUUGUCGUUG",2,2,2,-19.9,24,"HeLa,hESCs"
MIMAT0005896,hsa-miR-1244,miRNA,ENSG00000214182,PTMAP5,transcribed_processed_pseudogene,48,9,2,142,chr12:9239450:9239474:-|chr13:81690991:81691018:+,"GUUAAAAAGGCCAAA---GAUAAAAGGU,:|:||| ||||||||   :||||| :|:,UAGUUUGUCCGGUUUUUUUUAUUUGUCG",2,1,2,-19.9,24,hESCs
MIMAT0005896,hsa-miR-1244,miRNA,ENSG00000214182,PTMAP5,transcribed_processed_pseudogene,48,9,2,142,chr12:9239450:9239478:-|chr13:81690991:81691022:+,"GAUGGUUAAAAAGGCCAAA---GAUAAAAGGU,:   :|:||| ||||||||   :||||| :|:,UAUGUAGUUUGUCCGGUUUUUUUUAUUUGUCG",2,1,2,-19.9,24,"Lymphoblastoid,hESCs"
MIMAT0005896,hsa-miR-1244,miRNA,ENSG00000214182,PTMAP5,transcribed_processed_pseudogene,48,9,2,142,chr12:9239447:9239478:-|chr13:81690988:81691022:+,"GAUGGUUAAAAAGGCCAAA---GAUAAAAGGUUUC,:   :|:||| ||||||||   :||||| :|:  |,UAUGUAGUUUGUCCGGUUUUUUUUAUUUGUCGUUG",1,1,2,-19.9,24,Lymphoblastoid
MIMAT0005896,hsa-miR-1244,miRNA,ENSG00000214182,PTMAP5,transcribed_processed_pseudogene,48,9,2,142,chr12:9239447:9239473:-|chr13:81690988:81691017:+,"UUAAAAAGGCCAAA---GAUAAAAGGUUUC,|:||| ||||||||   :||||| :|:  |,AGUUUGUCCGGUUUUUUUUAUUUGUCGUUG",2,1,2,-17.8,24,"Lymphoblastoid,hESCs"
MIMAT0005896,hsa-miR-1244,miRNA,ENSG00000214182,PTMAP5,transcribed_processed_pseudogene,48,9,2,142,chr12:9239452:9239478:-|chr13:81690996:81691022:+,"GAUGGUUAAAAAGGCCAAAGAUAAAAG,:   :|:||| ||||||||:| || |:,UAUGUAGUUUGUCCGGUUUUUUUUAUU",1,1,1,-17.7,23,Lymphoblastoid
MIMAT0005896,hsa-miR-1244,miRNA,ENSG00000214182,PTMAP5,transcribed_processed_pseudogene,48,9,2,142,chr12:9239450:9239474:-|chr13:81690994:81691018:+,"GUUAAAAAGGCCAAAGAUAAAAGGU,:|:||| ||||||||:| || |:::,UAGUUUGUCCGGUUUUUUUUAUUUG",1,1,1,-17.7,23,hESCs
MIMAT0005896,hsa-miR-1244,miRNA,ENSG00000214182,PTMAP5,transcribed_processed_pseudogene,48,9,2,142,chr12:9239453:9239478:-|chr13:81690997:81691022:+,"GAUGGUUAAAAAGGCCAAAGAUAAAA,:   :|:||| ||||||||:| || |,UAUGUAGUUUGUCCGGUUUUUUUUAU",1,1,1,-17.7,23,hESCs
MIMAT0005896,hsa-miR-1244,miRNA,ENSG00000214182,PTMAP5,transcribed_processed_pseudogene,48,9,2,142,chr12:9239453:9239474:-|chr13:81690997:81691018:+,"GUUAAAAAGGCCAAAGAUAAAA,:|:||| ||||||||:| || |,UAGUUUGUCCGGUUUUUUUUAU",2,1,2,-17.7,23,hESCs
MIMAT0005896,hsa-miR-1244,miRNA,ENSG00000214182,PTMAP5,transcribed_processed_pseudogene,48,9,2,142,chr12:9239455:9239474:-|chr13:81690999:81691018:+,"GUUAAAAAGGCCAAAGAUAA,:|:||| ||||||||:| ||,UAGUUUGUCCGGUUUUUUUU",1,1,2,-17.7,23,hESCs
MIMAT0005896,hsa-miR-1244,miRNA,ENSG00000214182,PTMAP5,transcribed_processed_pseudogene,48,9,2,142,chr12:9239455:9239482:-|chr13:81690999:81691026:+,"AUGAGAUGGUUAAAAAGGCCAAAGAUAA,|:: :   :|:||| ||||||||:| ||,UGUGUAUGUAGUUUGUCCGGUUUUUUUU",1,1,3,-17.7,23,hESCs
MIMAT0005896,hsa-miR-1244,miRNA,ENSG00000214182,PTMAP5,transcribed_processed_pseudogene,48,9,2,142,chr12:9239453:9239473:-|chr13:81690997:81691017:+,"UUAAAAAGGCCAAAGAUAAAA,|:||| ||||||||:| || |,AGUUUGUCCGGUUUUUUUUAU",1,1,1,-15.5,23,hESCs
MIMAT0005896,hsa-miR-1244,miRNA,ENSG00000214182,PTMAP5,transcribed_processed_pseudogene,48,9,2,142,chr12:9239442:9239472:-|chr13:81690983:81691016:+,"UAAAAAGGCCAAA---GAUAAAAGGUUUCUUUUU,:||| ||||||||   :||||| :|:  |||: |,GUUUGUCCGGUUUUUUUUAUUUGUCGUUGAAGUA",1,1,1,-20.3,22.5,hESCs
MIMAT0005896,hsa-miR-1244,miRNA,ENSG00000214182,PTMAP5,transcribed_processed_pseudogene,48,9,2,142,chr12:9239444:9239472:-|chr13:81690985:81691016:+,"UAAAAAGGCCAAA---GAUAAAAGGUUUCUUU,:||| ||||||||   :||||| :|:  |||:,GUUUGUCCGGUUUUUUUUAUUUGUCGUUGAAG",1,1,1,-20.3,22.5,hESCs
MIMAT0005896,hsa-miR-1244,miRNA,ENSG00000214182,PTMAP5,transcribed_processed_pseudogene,48,9,2,142,chr12:9239438:9239472:-|chr13:81690979:81691016:+,"UAAAAAGGCCAAA---GAUAAAAGGUUUCUUUUUUUUC,:||| ||||||||   :||||| :|:  |||: |   |,GUUUGUCCGGUUUUUUUUAUUUGUCGUUGAAGUAUCUG",1,1,1,-20.3,22.5,hESCs
MIMAT0005896,hsa-miR-1244,miRNA,ENSG00000214182,PTMAP5,transcribed_processed_pseudogene,48,9,2,142,chr12:9239447:9239471:-|chr13:81690988:81691015:+,"AAAAAGGCCAAA---GAUAAAAGGUUUC,||| ||||||||   :||||| :|:  |,UUUGUCCGGUUUUUUUUAUUUGUCGUUG",1,1,2,-16.3,22.5,hESCs
MIMAT0005896,hsa-miR-1244,miRNA,ENSG00000214182,PTMAP5,transcribed_processed_pseudogene,48,9,2,142,chr12:9239456:9239480:-|chr13:81691000:81691024:+,"GAGAUGGUUAAAAAGGCCAAAGAUA,: :   :|:||| ||||||||:| |,UGUAUGUAGUUUGUCCGGUUUUUUU",1,1,1,-17.7,22,hESCs
MIMAT0005896,hsa-miR-1244,miRNA,ENSG00000214182,PTMAP5,transcribed_processed_pseudogene,48,9,2,142,chr12:9239442:9239469:-|chr13:81690983:81691013:+,"AAAGGCCAAA---GAUAAAAGGUUUCUUUUU,| ||||||||   :||||| :|:  |||: |,UGUCCGGUUUUUUUUAUUUGUCGUUGAAGUA",1,1,1,-19.5,19.5,hESCs
MIMAT0005896,hsa-miR-1244,miRNA,ENSG00000214182,PTMAP5,transcribed_processed_pseudogene,48,9,2,142,chr12:9239442:9239467:-|chr13:81690983:81691011:+,"AGGCCAAA---GAUAAAAGGUUUCUUUUU,||||||||   :||||| :|:  |||: |,UCCGGUUUUUUUUAUUUGUCGUUGAAGUA",1,1,1,-19,19.5,hESCs
MIMAT0005896,hsa-miR-1244,miRNA,ENSG00000214182,PTMAP5,transcribed_processed_pseudogene,48,9,2,142,chr12:9239450:9239467:-|chr13:81690991:81691011:+,"AGGCCAAA---GAUAAAAGGU,||||||||   :||||| :|:,UCCGGUUUUUUUUAUUUGUCG",1,1,1,-15.8,19.5,hESCs
MIMAT0005896,hsa-miR-1244,miRNA,ENSG00000214182,PTMAP5,transcribed_processed_pseudogene,48,9,2,142,chr12:9239451:9239483:-|chr13:81690971:81691027:+,"UAUGAGAUGGUUAAAAAGGCCAA----------------------AGAUAAA--AGG,:|:: :   :|:||| |||||||                      |||:|||  |||,GUGUGUAUGUAGUUUGUCCGGUUUUUUUUAUUUGUCGUUGAAGUAUCUGUUUUUUCC",1,1,1,-19.6,18.5,Lymphoblastoid
MIMAT0005896,hsa-miR-1244,miRNA,ENSG00000214182,PTMAP5,transcribed_processed_pseudogene,48,9,2,142,chr12:9239445:9239466:-|chr13:81690986:81691010:+,"GGCCAAA---GAUAAAAGGUUUCUU,|||||||   :||||| :|:  |||,CCGGUUUUUUUUAUUUGUCGUUGAA",2,1,2,-15.9,17.5,"Lymphoblastoid,hESCs"
MIMAT0005896,hsa-miR-1244,miRNA,ENSG00000214182,PTMAP5,transcribed_processed_pseudogene,48,9,2,142,chr12:12112020:12112042:+|chr13:81690708:81690731:+,"UAUGAGAUGGUUAAAAA-GGCCAA,| :||||| :||||||| |||  |,AGGCUCUAGUAAUUUUUACCGACU",1,1,1,-20.3,22.5,Lymphoblastoid
MIMAT0005896,hsa-miR-1244,miRNA,ENSG00000214182,PTMAP5,transcribed_processed_pseudogene,48,9,2,142,chr2:231713397:231713428:+|chr13:81690592:81690623:+,"AAGGCCAAAGAUAAAA-GGUUUCUUUUUUUUUC,| ||||   ||      || |||||||||::||,UACCGGAACCUUCAAAACC-AAGAAAAAAGGAG",1,1,1,-20.7,21,HeLa
MIMAT0005896,hsa-miR-1244,miRNA,ENSG00000214182,PTMAP5,transcribed_processed_pseudogene,48,9,2,142,chr2:231713387:231713423:+|chr13:81690983:81691022:+,"GAUGGUUAAAAAGGCCAAA---GAUAAAAGGUUUCUUUUU,:   :|:||| ||||||||   :||||| :|:  |||: |,UAUGUAGUUUGUCCGGUUUUUUUUAUUUGUCGUUGAAGUA",1,1,1,-23.1,24,hESCs
MIMAT0005896,hsa-miR-1244,miRNA,ENSG00000214182,PTMAP5,transcribed_processed_pseudogene,48,9,2,142,chr2:231713391:231713427:+|chr13:81690979:81691018:+,"GUUAAAAAGGCCAAA---GAUAAAAGGUUUCUUUUUUUUU,:|:||| ||||||||   :||||| :|:  |||: |   :,UAGUUUGUCCGGUUUUUUUUAUUUGUCGUUGAAGUAUCUG",2,1,5,-23.1,24,"Lymphoblastoid,hESCs"
MIMAT0005896,hsa-miR-1244,miRNA,ENSG00000214182,PTMAP5,transcribed_processed_pseudogene,48,9,2,142,chr2:231713382:231713420:+|chr13:81690986:81691027:+,"UAUGAGAUGGUUAAAAAGGCCAAA---GAUAAAAGGUUUCUU,:|:: :   :|:||| ||||||||   :||||| :|:  |||,GUGUGUAUGUAGUUUGUCCGGUUUUUUUUAUUUGUCGUUGAA",1,1,2,-21.4,24,Lymphoblastoid
MIMAT0005896,hsa-miR-1244,miRNA,ENSG00000214182,PTMAP5,transcribed_processed_pseudogene,48,9,2,142,chr2:231713392:231713427:+|chr13:81690979:81691017:+,"UUAAAAAGGCCAAA---GAUAAAAGGUUUCUUUUUUUUU,|:||| ||||||||   :||||| :|:  |||: |   :,AGUUUGUCCGGUUUUUUUUAUUUGUCGUUGAAGUAUCUG",1,1,1,-20.9,24,hESCs
MIMAT0005896,hsa-miR-1244,miRNA,ENSG00000214182,PTMAP5,transcribed_processed_pseudogene,48,9,2,142,chr2:231713391:231713418:+|chr13:81690988:81691018:+,"GUUAAAAAGGCCAAA---GAUAAAAGGUUUC,:|:||| ||||||||   :||||| :|:  |,UAGUUUGUCCGGUUUUUUUUAUUUGUCGUUG",1,1,1,-19.9,24,HeLa
MIMAT0005896,hsa-miR-1244,miRNA,ENSG00000214182,PTMAP5,transcribed_processed_pseudogene,48,9,2,142,chr2:231713392:231713419:+|chr13:81690987:81691017:+,"UUAAAAAGGCCAAA---GAUAAAAGGUUUCU,|:||| ||||||||   :||||| :|:  ||,AGUUUGUCCGGUUUUUUUUAUUUGUCGUUGA",2,1,51,-19.1,24,HeLa
MIMAT0005896,hsa-miR-1244,miRNA,ENSG00000214182,PTMAP5,transcribed_processed_pseudogene,48,9,2,142,chr2:231713385:231713412:+|chr13:81690997:81691024:+,"GAGAUGGUUAAAAAGGCCAAAGAUAAAA,: :   :|:||| ||||||||:| || |,UGUAUGUAGUUUGUCCGGUUUUUUUUAU",1,1,3,-17.7,23,Lymphoblastoid
MIMAT0005896,hsa-miR-1244,miRNA,ENSG00000214182,PTMAP5,transcribed_processed_pseudogene,48,9,2,142,chr2:231713387:231713412:+|chr13:81690997:81691022:+,"GAUGGUUAAAAAGGCCAAAGAUAAAA,:   :|:||| ||||||||:| || |,UAUGUAGUUUGUCCGGUUUUUUUUAU",1,1,1,-17.7,23,hESCs
MIMAT0005896,hsa-miR-1244,miRNA,ENSG00000214182,PTMAP5,transcribed_processed_pseudogene,48,9,2,142,chr2:231713387:231713415:+|chr13:81690994:81691022:+,"GAUGGUUAAAAAGGCCAAAGAUAAAAGGU,:   :|:||| ||||||||:| || |:::,UAUGUAGUUUGUCCGGUUUUUUUUAUUUG",1,1,1,-17.7,23,Lymphoblastoid
MIMAT0005896,hsa-miR-1244,miRNA,ENSG00000214182,PTMAP5,transcribed_processed_pseudogene,48,9,2,142,chr2:231713391:231713412:+|chr13:81690997:81691018:+,"GUUAAAAAGGCCAAAGAUAAAA,:|:||| ||||||||:| || |,UAGUUUGUCCGGUUUUUUUUAU",1,1,2,-17.7,23,hESCs
MIMAT0005896,hsa-miR-1244,miRNA,ENSG00000214182,PTMAP5,transcribed_processed_pseudogene,48,9,2,142,chr2:231713393:231713427:+|chr13:81690979:81691016:+,"UAAAAAGGCCAAA---GAUAAAAGGUUUCUUUUUUUUU,:||| ||||||||   :||||| :|:  |||: |   :,GUUUGUCCGGUUUUUUUUAUUUGUCGUUGAAGUAUCUG",1,1,1,-20.3,22.5,hESCs
MIMAT0005896,hsa-miR-1244,miRNA,ENSG00000214182,PTMAP5,transcribed_processed_pseudogene,48,9,2,142,chr2:231713394:231713427:+|chr13:81690979:81691015:+,"AAAAAGGCCAAA---GAUAAAAGGUUUCUUUUUUUUU,||| ||||||||   :||||| :|:  |||: |   :,UUUGUCCGGUUUUUUUUAUUUGUCGUUGAAGUAUCUG",3,1,3,-19.5,22.5,"Lymphoblastoid,hESCs"
MIMAT0005896,hsa-miR-1244,miRNA,ENSG00000214182,PTMAP5,transcribed_processed_pseudogene,48,9,2,142,chr5:118974663:118974695:+|chr13:81690983:81691018:+,"GUUAAAAAGGCCAAA---GAUAAAAGGUUUCUUUUU,:|:||| ||||||||   :||||| :|:  |||: |,UAGUUUGUCCGGUUUUUUUUAUUUGUCGUUGAAGUA",1,1,1,-23.1,24,hESCs
MIMAT0005896,hsa-miR-1244,miRNA,ENSG00000237973,MTCO1P12,unprocessed_pseudogene,12,6,1,16,chr2:231713427:231713446:+|chr1:632608:632626:+,"UCCUUUUUUGUCUAUGAAGU,|||||||||||||| ||  |,AGGAAAAAACAGAU-CUAAA",1,1,1,-19.2,28,hESCs
MIMAT0005896,hsa-miR-1244,miRNA,ENSG00000237973,MTCO1P12,unprocessed_pseudogene,12,6,1,16,chr2:231713375:231713404:+|chr1:631077:631108:+,"UGGUUUGUAUGAG-AUGGUUAAAAA--GGCCAA,||||||||| ||| ||:||:||     ||| ||,ACCAAACAU-CUCUUAUCAGUUGCCAGCCGCUU",1,1,1,-27,27,Lymphoblastoid
MIMAT0005896,hsa-miR-1244,miRNA,ENSG00000237973,MTCO1P12,unprocessed_pseudogene,12,6,1,16,chr12:9239418:9239444:-|chr1:632606:632631:+,"UUUUUUCCUUUUUUGUCUAUGAAGUUG,||::||||||||||||||| ||  ||:,AAGGAAGGAAAAAACAGAU-CUAAAAU",1,1,1,-23.4,33,hESCs
MIMAT0005896,hsa-miR-1244,miRNA,ENSG00000237973,MTCO1P12,unprocessed_pseudogene,12,6,1,16,chr12:9239461:9239510:-|chr1:631077:631145:+,"UUAGCUGUACUAUAA--GUAGU---------------UGGUUUGUAUGAG-AUGGUUAAAAA--GGCCAA,|  ||:| |  |||   :||||               ||||||||| ||| ||:||:||     ||| ||,ACGCGGCUUAUUAUCCAUAUCACAAGGUUACAGAAACACCAAACAU-CUCUUAUCAGUUGCCAGCCGCUU",1,1,1,-32.6,27,hESCs
MIMAT0005896,hsa-miR-1244,miRNA,ENSG00000237973,MTCO1P12,unprocessed_pseudogene,12,6,1,16,chr12:9239462:9239508:-|chr1:631078:631126:+,"AGCUGUACUAUAAGUAGU-UGGUUUGUAUGAG-AUGGUUAAAAA--GGCCA,|| ||| |:|    :  | ||||||||| ||| ||:||:||     ||| |,UC-ACAAGGUUACAGAAACACCAAACAU-CUCUUAUCAGUUGCCAGCCGCU",1,1,1,-28.8,27,Lymphoblastoid
MIMAT0005896,hsa-miR-1244,miRNA,ENSG00000237973,MTCO1P12,unprocessed_pseudogene,12,6,1,16,chr12:9239456:9239502:-|chr1:631072:631135:+,"ACUAUAAGUAGU---------------UGGUUUGUAUGAG-AUGGUUAAAAA--GGCCAAAGAUA,| ||   :||||               ||||||||| ||| ||:||:||     ||| || : :|,UUAUCCAUAUCACAAGGUUACAGAAACACCAAACAU-CUCUUAUCAGUUGCCAGCCGCUUGUAGU",1,1,2,-27.3,27,hESCs
MIMAT0005896,hsa-miR-1244,miRNA,ENSG00000237973,MTCO1P12,unprocessed_pseudogene,12,6,1,16,chr12:9239464:9239490:-|chr1:631080:631108:+,"UGGUUUGUAUGAGA-UGGUUAA--AAAGGC,||||||||| |||| |:||:||     |||,ACCAAACAU-CUCUUAUCAGUUGCCAGCCG",1,1,1,-27,27,hESCs
MIMAT0005896,hsa-miR-1244,miRNA,ENSG00000237973,MTCO1P12,unprocessed_pseudogene,12,6,1,16,chr12:9239470:9239503:-|chr1:631088:631136:+,"UACUAUAAGUAGU---------------UGGUUUGUAUGAG-AUGGUUAA,|| ||   :||||               ||||||||| ||| ||:||:||,AUUAUCCAUAUCACAAGGUUACAGAAACACCAAACAU-CUCUUAUCAGUU",1,1,1,-22.9,27,hESCs
MIMAT0005896,hsa-miR-1244,miRNA,ENSG00000237973,MTCO1P12,unprocessed_pseudogene,12,6,1,16,chr12:9239473:9239495:-|chr1:631091:631128:+,"GUAGU---------------UGGUUUGUAUGAG-AUGGU,:||||               ||||||||| ||| ||:||,UAUCACAAGGUUACAGAAACACCAAACAU-CUCUUAUCA",1,1,2,-19.2,23.5,hESCs
MIMAT0005896,hsa-miR-1244,miRNA,ENSG00000237973,MTCO1P12,unprocessed_pseudogene,12,6,1,16,chr12:9239474:9239517:-|chr1:631092:631133:+,"UAUGUACUUAGCUGUACUA-UAAGUAGUUGGUUUGUAUGAGA-UGG,|| |||  ||| ||| |:| |   |   ||||||||| |||| |:|,AUCCAU--AUC-ACAAGGUUACAGAAACACCAAACAU-CUCUUAUC",1,1,2,-20.9,22,hESCs
MIMAT0005896,hsa-miR-1244,miRNA,ENSG00000237973,MTCO1P12,unprocessed_pseudogene,12,6,1,16,chr12:9239477:9239490:-|chr1:631096:631108:+,"UGGUUUGUAUGAGA,||||||||| ||||,ACCAAACAU-CUCU",1,1,2,-16.2,22,hESCs
MIMAT0005896,hsa-miR-1244,miRNA,ENSG00000237973,MTCO1P12,unprocessed_pseudogene,12,6,1,16,chr12:9239462:9239505:-|chr1:632127:632201:+,"UGUACUAUAA-GUAGU-UG-GUU-UGUA-UGAGAUG--------------------------GUUAAAAAGGCCA,||  |||:|| ||||| :| ||: |||| |: ||||                          |::|   ||||||,ACCCGAUGUUGCAUCAUGCACAGCACAUCAUGCUACAGAUCACUACUCAAACGAUUAUGUUACGGUCAGUCCGGU",1,1,1,-29.1,19,Lymphoblastoid
MIMAT0005896,hsa-miR-1244,miRNA,ENSG00000248329,APELA,protein_coding,1,1,1,4,chr2:231713404:231713432:+|chr4:164895714:164895744:+,"AAGAUAAAAGGU----UUCUUUUUUUUUCCUUU,| : ||||||||    ||||||||    ||: |,UGUGAUUUUCCAUAAAAAGAAAAAUU--GGGUA",1,1,4,-15.3,25,hESCs
MIMAT0005896,hsa-miR-1244,miRNA,ENSG00000251027,LINC01950,lncRNA,1,1,1,1,chr12:9239462:9239492:-|chr5:106922783:106922823:-,"GUUGGUU--------UGUAUGAGAUGGU-UAAA--AAGGCCA,|:|||          |||  |||||||| |||   ||:||||,CGACCCCCUGAUUCUACAC-CUCUACCAUAUUAACUUUCGGU",1,1,1,-24.3,21.5,HeLa
MIMAT0005896,hsa-miR-1244,miRNA,ENSG00000256069,A2MP1,transcribed_unprocessed_pseudogene,8,5,1,12,chr2:231713387:231713411:+|chr12:9239383:9239407:-,"GAUGGUUAAAAAGGCCAAAGAUAAA,:   :|:||| ||||||||:|  ||,UAUGUAGUUUGUCCGGUUUUUUAUU",1,1,1,-17.7,22,hESCs
MIMAT0005896,hsa-miR-1244,miRNA,ENSG00000256069,A2MP1,transcribed_unprocessed_pseudogene,8,5,1,12,chr2:231713391:231713411:+|chr12:9239387:9239407:-,"GUUAAAAAGGCCAAAGAUAAA,:|:||| ||||||||:|  ||,UAGUUUGUCCGGUUUUUUAUU",1,1,2,-17.7,22,hESCs
MIMAT0005896,hsa-miR-1244,miRNA,ENSG00000256069,A2MP1,transcribed_unprocessed_pseudogene,8,5,1,12,chr2:231713387:231713407:+|chr12:9239383:9239403:-,"GAUGGUUAAAAAGGCCAAAGA,:   :|:||| ||||||||:|,UAUGUAGUUUGUCCGGUUUUU",1,1,1,-17.3,22,hESCs
MIMAT0005896,hsa-miR-1244,miRNA,ENSG00000256069,A2MP1,transcribed_unprocessed_pseudogene,8,5,1,12,chr2:231713391:231713407:+|chr12:9239387:9239403:-,"GUUAAAAAGGCCAAAGA,:|:||| ||||||||:|,UAGUUUGUCCGGUUUUU",1,1,1,-17.3,22,hESCs
MIMAT0005896,hsa-miR-1244,miRNA,ENSG00000256069,A2MP1,transcribed_unprocessed_pseudogene,8,5,1,12,chr2:231713392:231713411:+|chr12:9239388:9239407:-,"UUAAAAAGGCCAAAGAUAAA,|:||| ||||||||:|  ||,AGUUUGUCCGGUUUUUUAUU",2,1,2,-15.6,22,"Lymphoblastoid,hESCs"
MIMAT0005896,hsa-miR-1244,miRNA,ENSG00000256069,A2MP1,transcribed_unprocessed_pseudogene,8,5,1,12,chr2:231713392:231713407:+|chr12:9239388:9239403:-,"UUAAAAAGGCCAAAGA,|:||| ||||||||:|,AGUUUGUCCGGUUUUU",1,1,1,-15.2,22,hESCs
MIMAT0005896,hsa-miR-1244,miRNA,ENSG00000256069,A2MP1,transcribed_unprocessed_pseudogene,8,5,1,12,chr2:231713391:231713405:+|chr12:9239387:9239401:-,"GUUAAAAAGGCCAAA,:|:||| ||||||||,UAGUUUGUCCGGUUU",1,1,2,-16,20.5,hESCs
MIMAT0005896,hsa-miR-1244,miRNA,ENSG00000256069,A2MP1,transcribed_unprocessed_pseudogene,8,5,1,12,chr2:231713387:231713411:+|chr12:9239383:9239408:-,"GAUGGUUAAAAAGGCC-AAAGAUAAA,:   :|:||| ||||| |||:|||||,UAUGUAGUUUGUCCGGUUUUUUAUUU",1,1,2,-18.3,26,hESCs
MIMAT0005896,hsa-miR-1244,miRNA,NR_132788.1,SNORA105B,snoRNA,1,1,1,1,chr2:231713383:231713440:+|chr2:197486908:197486957:-,"AUGAGAUGGUUAAAAA-------GGCCAAAGAUAAAAGGUUUCUUUUUUUUUCCUUUUUUGUCUA,|   |||||||| |         :||||              |:|||||:|||   |||| ||:|,UUGACUACCAAUAUCACUAAAAGUCGGUC-------------GGAAAAAGAAGU--AAAAGAGGU",1,1,1,-25.7,19.5,hESCs
MIMAT0005896,hsa-miR-1244,miRNA,PGOHUM00000290627,PGOHUM00000290627,pseudogene,1,1,1,1,chr2:231713373:231713453:+|chr11:88408742:88408768:-,"GUUGGUUUGUAUGAGAUGGUUAAAAAGGCCAAAGAUAAAAGGUUUCUUUUUUUUUCCUUUUUUGUCUAUGAAGUUGCUGUU,||||||           |||     |||           |||:                             :|||||| |,CAACCA-----------CCACG---UCC-----------UCCG-----------------------------UAACGACUA",1,1,1,-16.8,12,hESCs
MIMAT0005896,hsa-miR-1244,miRNA,PGOHUM00000295314,PGOHUM00000295314,pseudogene,1,1,1,1,chr2:231713424:231713450:+|chr19:23384559:23384583:+,"UUUUCCUUUUUUGUCUAUGAAGUUGCU,:||||||||:|||| |||   |:||||,GAAAGGAAAGAACA-AUAAC-CGACGA",1,1,1,-23,25.5,Lymphoblastoid
MIMAT0005896,hsa-miR-1244,miRNA,PGOHUM00000300808,PGOHUM00000300808,pseudogene,1,1,1,1,chr12:9239469:9239511:-|chr5:159950532:159950578:-,"CUUA--GCUGUA-CUAUAAGUAGUUGGUUUGUAU---GAGAUG-GUUAAA,|:|   |||||| |:| |  : ||||  |::||:   ||:||| |:|  |,GGACAACGACAUCGGUUUAAG-CAAC--AGUAUGGUCCUUUACUCGAACU",1,1,1,-21,12,hESCs
MIMAT0005896,hsa-miR-1244,miRNA,SSU-rRNA,SSU-rRNA,rRNA,1,1,1,1,chr12:9239463:9239511:-|chr21:8210461:8210490:+,"CUUAGCUGUACUAUAAGUAGUUGGUUUGUAUGAGAUGGUUAAAAAGGCC,|:||||||:  |||   :|| :||:|:|                 ||||,GGAUCGACGCCAUA--GGUCCGCCGAGC-----------------CCGG",1,1,1,-27.7,13.5,HeLa
