ID,Accession,Target,TargetID,Experiment,Literature,Tissue
hsa-mir-101-3p,MIMAT0000099,GABPB1-AS1,100129387,CLIP-Seq,24297251,Unspecified
hsa-mir-103a-3p,MIMAT0000101,HOTAIRM1,100506311,CLIP-Seq,24297251,Unspecified
hsa-mir-105-5p,MIMAT0000102,TPT1-AS1,100190939,CLIP-Seq,24297251,Unspecified
hsa-mir-105-5p,MIMAT0000102,GABPB1-AS1,100129387,CLIP-Seq,24297251,Unspecified
hsa-mir-106a-5p,MIMAT0000103,HOTAIRM1,100506311,CLIP-Seq,24297251,Unspecified
hsa-mir-106a-5p,MIMAT0000103,GABPB1-AS1,100129387,CLIP-Seq,24297251,Unspecified
hsa-mir-106b-5p,MIMAT0000680,HOTAIRM1,100506311,CLIP-Seq,24297251,Unspecified
hsa-mir-106b-5p,MIMAT0000680,GABPB1-AS1,100129387,CLIP-Seq,24297251,Unspecified
hsa-mir-107,MIMAT0000104,HOTAIRM1,100506311,CLIP-Seq,24297251,Unspecified
hsa-mir-10a-5p,MIMAT0000253,MEG3,55384,CLIP-Seq,24297251,Unspecified
hsa-mir-10b-5p,MIMAT0000254,MEG3,55384,CLIP-Seq,24297251,Unspecified
hsa-mir-1179,MIMAT0005824,GABPB1-AS1,100129387,CLIP-Seq,24297251,Unspecified
hsa-mir-1180-5p,MIMAT0026735,GABPB1-AS1,100129387,CLIP-Seq,24297251,Unspecified
hsa-mir-1193,MIMAT0015049,TPT1-AS1,100190939,CLIP-Seq,24297251,Unspecified
hsa-mir-1197,MIMAT0005955,GABPB1-AS1,100129387,CLIP-Seq,24297251,Unspecified
hsa-mir-1197,MIMAT0005955,TBX2-AS1,103689912,CLIP-Seq,24297251,Unspecified
hsa-mir-122-5p,MIMAT0000421,XXYLT1-AS2,101410543,CLIP-Seq,24297251,Unspecified
hsa-mir-122-5p,MIMAT0000421,GABPB1-AS1,100129387,CLIP-Seq,24297251,Unspecified
hsa-mir-122-5p,MIMAT0000421,ASB16-AS1,339201,CLIP-Seq,24297251,Unspecified
hsa-mir-124-3p,MIMAT0000422,ZMIZ1-AS1,283050,CLIP-Seq,24297251,Unspecified
hsa-mir-1245b-5p,MIMAT0019950,LINC00473,90632,CLIP-Seq,24297251,Unspecified
hsa-mir-1245b-5p,MIMAT0019950,MEG3,55384,CLIP-Seq,24297251,Unspecified
hsa-mir-1245b-5p,MIMAT0019950,GABPB1-AS1,100129387,CLIP-Seq,24297251,Unspecified
hsa-mir-1245b-5p,MIMAT0019950,GABPB1-AS1,100129387,CLIP-Seq,24297251,Unspecified
hsa-mir-1245b-5p,MIMAT0019950,TBX2-AS1,103689912,CLIP-Seq,24297251,Unspecified
hsa-mir-1247-5p,MIMAT0005899,GABPB1-AS1,100129387,CLIP-Seq,24297251,Unspecified
hsa-mir-1252-5p,MIMAT0005944,MBNL1-AS1,401093,CLIP-Seq,24297251,Unspecified
hsa-mir-1252-5p,MIMAT0005944,ZMIZ1-AS1,283050,CLIP-Seq,24297251,Unspecified
hsa-mir-1252-5p,MIMAT0005944,LINC00520,645687,CLIP-Seq,24297251,Unspecified
hsa-mir-1252-5p,MIMAT0005944,MEG3,55384,CLIP-Seq,24297251,Unspecified
hsa-mir-1252-5p,MIMAT0005944,GABPB1-AS1,100129387,CLIP-Seq,24297251,Unspecified
hsa-mir-1252-5p,MIMAT0005944,TBX2-AS1,103689912,CLIP-Seq,24297251,Unspecified
hsa-mir-126-5p,MIMAT0000444,GABPB1-AS1,100129387,CLIP-Seq,24297251,Unspecified
hsa-mir-1266-3p,MIMAT0026742,MBNL1-AS1,401093,CLIP-Seq,24297251,Unspecified
hsa-mir-1277-5p,MIMAT0022724,GABPB1-AS1,100129387,CLIP-Seq,24297251,Unspecified
hsa-mir-1277-5p,MIMAT0022724,GABPB1-AS1,100129387,CLIP-Seq,24297251,Unspecified
hsa-mir-1278,MIMAT0005936,GABPB1-AS1,100129387,CLIP-Seq,24297251,Unspecified
hsa-mir-1278,MIMAT0005936,GABPB1-AS1,100129387,CLIP-Seq,24297251,Unspecified
hsa-mir-128-3p,MIMAT0000424,ZMIZ1-AS1,283050,CLIP-Seq,24297251,Unspecified
hsa-mir-128-3p,MIMAT0000424,RASSF8-AS1,100506451,CLIP-Seq,24297251,Unspecified
hsa-mir-128-3p,MIMAT0000424,GABPB1-AS1,100129387,CLIP-Seq,24297251,Unspecified
hsa-mir-1286,MIMAT0005877,MEG3,55384,CLIP-Seq,24297251,Unspecified
hsa-mir-129-5p,MIMAT0000242,HOTAIRM1,100506311,CLIP-Seq,24297251,Unspecified
hsa-mir-129-5p,MIMAT0000242,MEG3,55384,CLIP-Seq,24297251,Unspecified
hsa-mir-129-5p,MIMAT0000242,GABPB1-AS1,100129387,CLIP-Seq,24297251,Unspecified
hsa-mir-129-5p,MIMAT0000242,GABPB1-AS1,100129387,CLIP-Seq,24297251,Unspecified
hsa-mir-1294,MIMAT0005884,LINC00473,90632,CLIP-Seq,24297251,Unspecified
hsa-mir-1296-5p,MIMAT0005794,GABPB1-AS1,100129387,CLIP-Seq,24297251,Unspecified
hsa-mir-1297,MIMAT0005886,GABPB1-AS1,100129387,CLIP-Seq,24297251,Unspecified
hsa-mir-1301-3p,MIMAT0005797,MBNL1-AS1,401093,CLIP-Seq,24297251,Unspecified
hsa-mir-1307-3p,MIMAT0005951,MBNL1-AS1,401093,CLIP-Seq,24297251,Unspecified
hsa-mir-130a-5p,MIMAT0004593,LINC00473,90632,CLIP-Seq,24297251,Unspecified
hsa-mir-130a-5p,MIMAT0004593,ZMIZ1-AS1,283050,CLIP-Seq,24297251,Unspecified
hsa-mir-130a-5p,MIMAT0004593,MEG3,55384,CLIP-Seq,24297251,Unspecified
hsa-mir-130a-5p,MIMAT0004593,GABPB1-AS1,100129387,CLIP-Seq,24297251,Unspecified
hsa-mir-132-3p,MIMAT0000426,MBNL1-AS1,401093,CLIP-Seq,24297251,Unspecified
hsa-mir-1321,MIMAT0005952,AGAP2-AS1,100130776,CLIP-Seq,24297251,Unspecified
hsa-mir-1321,MIMAT0005952,FENDRR,400550,CLIP-Seq,24297251,Unspecified
hsa-mir-1321,MIMAT0005952,ASB16-AS1,339201,CLIP-Seq,24297251,Unspecified
hsa-mir-1323,MIMAT0005795,MBNL1-AS1,401093,CLIP-Seq,24297251,Unspecified
hsa-mir-134-5p,MIMAT0000447,GABPB1-AS1,100129387,CLIP-Seq,24297251,Unspecified
hsa-mir-1343-3p,MIMAT0019776,TBX2-AS1,103689912,CLIP-Seq,24297251,Unspecified
hsa-mir-1343-3p,MIMAT0019776,TBX2-AS1,103689912,CLIP-Seq,24297251,Unspecified
hsa-mir-135a-5p,MIMAT0000428,MBNL1-AS1,401093,CLIP-Seq,24297251,Unspecified
hsa-mir-135a-5p,MIMAT0000428,GABPB1-AS1,100129387,CLIP-Seq,24297251,Unspecified
hsa-mir-135b-5p,MIMAT0000758,MBNL1-AS1,401093,CLIP-Seq,24297251,Unspecified
hsa-mir-135b-5p,MIMAT0000758,GABPB1-AS1,100129387,CLIP-Seq,24297251,Unspecified
hsa-mir-137,MIMAT0000429,HOTAIRM1,100506311,CLIP-Seq,24297251,Unspecified
hsa-mir-138-5p,MIMAT0000430,TPT1-AS1,100190939,CLIP-Seq,24297251,Unspecified
hsa-mir-140-3p,MIMAT0004597,LINC00473,90632,CLIP-Seq,24297251,Unspecified
hsa-mir-140-5p,MIMAT0000431,GABPB1-AS1,100129387,CLIP-Seq,24297251,Unspecified
hsa-mir-140-5p,MIMAT0000431,GABPB1-AS1,100129387,CLIP-Seq,24297251,Unspecified
hsa-mir-142-5p,MIMAT0000433,LINC00473,90632,CLIP-Seq,24297251,Unspecified
hsa-mir-142-5p,MIMAT0000433,HOTAIRM1,100506311,CLIP-Seq,24297251,Unspecified
hsa-mir-143-3p,MIMAT0000435,XXYLT1-AS2,101410543,CLIP-Seq,24297251,Unspecified
hsa-mir-143-3p,MIMAT0000435,MEG3,55384,CLIP-Seq,24297251,Unspecified
hsa-mir-143-3p,MIMAT0000435,GABPB1-AS1,100129387,CLIP-Seq,24297251,Unspecified
hsa-mir-144-3p,MIMAT0000436,GABPB1-AS1,100129387,CLIP-Seq,24297251,Unspecified
hsa-mir-145-5p,MIMAT0000437,XXYLT1-AS2,101410543,CLIP-Seq,24297251,Unspecified
hsa-mir-145-5p,MIMAT0000437,MEG3,55384,CLIP-Seq,24297251,Unspecified
hsa-mir-146a-5p,MIMAT0000449,TBX2-AS1,103689912,CLIP-Seq,24297251,Unspecified
hsa-mir-146b-5p,MIMAT0002809,TBX2-AS1,103689912,CLIP-Seq,24297251,Unspecified
hsa-mir-147a,MIMAT0000251,MBNL1-AS1,401093,CLIP-Seq,24297251,Unspecified
hsa-mir-147a,MIMAT0000251,LINC00473,90632,CLIP-Seq,24297251,Unspecified
hsa-mir-147a,MIMAT0000251,HOTAIRM1,100506311,CLIP-Seq,24297251,Unspecified
hsa-mir-147b,MIMAT0004928,TPT1-AS1,100190939,CLIP-Seq,24297251,Unspecified
hsa-mir-148a-3p,MIMAT0000243,HOTAIRM1,100506311,CLIP-Seq,24297251,Unspecified
hsa-mir-148b-3p,MIMAT0000759,HOTAIRM1,100506311,CLIP-Seq,24297251,Unspecified
hsa-mir-149-5p,MIMAT0000450,GABPB1-AS1,100129387,CLIP-Seq,24297251,Unspecified
hsa-mir-150-5p,MIMAT0000451,GABPB1-AS1,100129387,CLIP-Seq,24297251,Unspecified
hsa-mir-150-5p,MIMAT0000451,GABPB1-AS1,100129387,CLIP-Seq,24297251,Unspecified
hsa-mir-150-5p,MIMAT0000451,GABPB1-AS1,100129387,CLIP-Seq,24297251,Unspecified
hsa-mir-150-5p,MIMAT0000451,GABPB1-AS1,100129387,CLIP-Seq,24297251,Unspecified
hsa-mir-151a-3p,MIMAT0000757,GABPB1-AS1,100129387,CLIP-Seq,24297251,Unspecified
hsa-mir-151a-3p,MIMAT0000757,ASB16-AS1,339201,CLIP-Seq,24297251,Unspecified
hsa-mir-151a-5p,MIMAT0004697,FENDRR,400550,CLIP-Seq,24297251,Unspecified
hsa-mir-151b,MIMAT0010214,FENDRR,400550,CLIP-Seq,24297251,Unspecified
hsa-mir-152-3p,MIMAT0000438,HOTAIRM1,100506311,CLIP-Seq,24297251,Unspecified
hsa-mir-154-3p,MIMAT0000453,GABPB1-AS1,100129387,CLIP-Seq,24297251,Unspecified
hsa-mir-155-5p,MIMAT0000646,GABPB1-AS1,100129387,CLIP-Seq,24297251,Unspecified
hsa-mir-155-5p,MIMAT0000646,GABPB1-AS1,100129387,CLIP-Seq,24297251,Unspecified
hsa-mir-15a-5p,MIMAT0000068,MBNL1-AS1,401093,CLIP-Seq,24297251,Unspecified
hsa-mir-15a-5p,MIMAT0000068,LINC00473,90632,CLIP-Seq,24297251,Unspecified
hsa-mir-15a-5p,MIMAT0000068,LINC00473,90632,CLIP-Seq,24297251,Unspecified
hsa-mir-15a-5p,MIMAT0000068,LINC00473,90632,CLIP-Seq,24297251,Unspecified
hsa-mir-15a-5p,MIMAT0000068,ZMIZ1-AS1,283050,CLIP-Seq,24297251,Unspecified
hsa-mir-15a-5p,MIMAT0000068,AGAP2-AS1,100130776,CLIP-Seq,24297251,Unspecified
hsa-mir-15a-5p,MIMAT0000068,MEG3,55384,CLIP-Seq,24297251,Unspecified
hsa-mir-15a-5p,MIMAT0000068,GABPB1-AS1,100129387,CLIP-Seq,24297251,Unspecified
hsa-mir-15a-5p,MIMAT0000068,GABPB1-AS1,100129387,CLIP-Seq,24297251,Unspecified
hsa-mir-15a-5p,MIMAT0000068,FENDRR,400550,CLIP-Seq,24297251,Unspecified
hsa-mir-15a-5p,MIMAT0000068,TBX2-AS1,103689912,CLIP-Seq,24297251,Unspecified
hsa-mir-15b-5p,MIMAT0000417,MBNL1-AS1,401093,CLIP-Seq,24297251,Unspecified
hsa-mir-15b-5p,MIMAT0000417,LINC00473,90632,CLIP-Seq,24297251,Unspecified
hsa-mir-15b-5p,MIMAT0000417,LINC00473,90632,CLIP-Seq,24297251,Unspecified
hsa-mir-15b-5p,MIMAT0000417,LINC00473,90632,CLIP-Seq,24297251,Unspecified
hsa-mir-15b-5p,MIMAT0000417,ZMIZ1-AS1,283050,CLIP-Seq,24297251,Unspecified
hsa-mir-15b-5p,MIMAT0000417,AGAP2-AS1,100130776,CLIP-Seq,24297251,Unspecified
hsa-mir-15b-5p,MIMAT0000417,MEG3,55384,CLIP-Seq,24297251,Unspecified
hsa-mir-15b-5p,MIMAT0000417,GABPB1-AS1,100129387,CLIP-Seq,24297251,Unspecified
hsa-mir-15b-5p,MIMAT0000417,GABPB1-AS1,100129387,CLIP-Seq,24297251,Unspecified
hsa-mir-15b-5p,MIMAT0000417,FENDRR,400550,CLIP-Seq,24297251,Unspecified
hsa-mir-15b-5p,MIMAT0000417,TBX2-AS1,103689912,CLIP-Seq,24297251,Unspecified
hsa-mir-16-5p,MIMAT0000069,MBNL1-AS1,401093,CLIP-Seq,24297251,Unspecified
hsa-mir-16-5p,MIMAT0000069,LINC00473,90632,CLIP-Seq,24297251,Unspecified
hsa-mir-16-5p,MIMAT0000069,LINC00473,90632,CLIP-Seq,24297251,Unspecified
hsa-mir-16-5p,MIMAT0000069,LINC00473,90632,CLIP-Seq,24297251,Unspecified
hsa-mir-16-5p,MIMAT0000069,ZMIZ1-AS1,283050,CLIP-Seq,24297251,Unspecified
hsa-mir-16-5p,MIMAT0000069,AGAP2-AS1,100130776,CLIP-Seq,24297251,Unspecified
hsa-mir-16-5p,MIMAT0000069,MEG3,55384,CLIP-Seq,24297251,Unspecified
hsa-mir-16-5p,MIMAT0000069,GABPB1-AS1,100129387,CLIP-Seq,24297251,Unspecified
hsa-mir-16-5p,MIMAT0000069,GABPB1-AS1,100129387,CLIP-Seq,24297251,Unspecified
hsa-mir-16-5p,MIMAT0000069,FENDRR,400550,CLIP-Seq,24297251,Unspecified
hsa-mir-16-5p,MIMAT0000069,TBX2-AS1,103689912,CLIP-Seq,24297251,Unspecified
hsa-mir-17-5p,MIMAT0000070,HOTAIRM1,100506311,CLIP-Seq,24297251,Unspecified
hsa-mir-17-5p,MIMAT0000070,GABPB1-AS1,100129387,CLIP-Seq,24297251,Unspecified
hsa-mir-181a-5p,MIMAT0000256,MBNL1-AS1,401093,CLIP-Seq,24297251,Unspecified
hsa-mir-181a-5p,MIMAT0000256,LUCAT1,100505994,CLIP-Seq,24297251,Unspecified
hsa-mir-181a-5p,MIMAT0000256,MEG3,55384,CLIP-Seq,24297251,Unspecified
hsa-mir-181a-5p,MIMAT0000256,FENDRR,400550,CLIP-Seq,24297251,Unspecified
hsa-mir-181b-5p,MIMAT0000257,MBNL1-AS1,401093,CLIP-Seq,24297251,Unspecified
hsa-mir-181b-5p,MIMAT0000257,LUCAT1,100505994,CLIP-Seq,24297251,Unspecified
hsa-mir-181b-5p,MIMAT0000257,MEG3,55384,CLIP-Seq,24297251,Unspecified
hsa-mir-181b-5p,MIMAT0000257,FENDRR,400550,CLIP-Seq,24297251,Unspecified
hsa-mir-181c-5p,MIMAT0000258,MBNL1-AS1,401093,CLIP-Seq,24297251,Unspecified
hsa-mir-181c-5p,MIMAT0000258,LUCAT1,100505994,CLIP-Seq,24297251,Unspecified
hsa-mir-181c-5p,MIMAT0000258,MEG3,55384,CLIP-Seq,24297251,Unspecified
hsa-mir-181c-5p,MIMAT0000258,FENDRR,400550,CLIP-Seq,24297251,Unspecified
hsa-mir-181d-5p,MIMAT0002821,MBNL1-AS1,401093,CLIP-Seq,24297251,Unspecified
hsa-mir-181d-5p,MIMAT0002821,LUCAT1,100505994,CLIP-Seq,24297251,Unspecified
hsa-mir-181d-5p,MIMAT0002821,MEG3,55384,CLIP-Seq,24297251,Unspecified
hsa-mir-181d-5p,MIMAT0002821,FENDRR,400550,CLIP-Seq,24297251,Unspecified
hsa-mir-182-5p,MIMAT0000259,AGAP2-AS1,100130776,CLIP-Seq,24297251,Unspecified
hsa-mir-182-5p,MIMAT0000259,AGAP2-AS1,100130776,CLIP-Seq,24297251,Unspecified
hsa-mir-182-5p,MIMAT0000259,GABPB1-AS1,100129387,CLIP-Seq,24297251,Unspecified
hsa-mir-182-5p,MIMAT0000259,GABPB1-AS1,100129387,CLIP-Seq,24297251,Unspecified
hsa-mir-184,MIMAT0000454,ZMIZ1-AS1,283050,CLIP-Seq,24297251,Unspecified
hsa-mir-185-5p,MIMAT0000455,GABPB1-AS1,100129387,CLIP-Seq,24297251,Unspecified
hsa-mir-185-5p,MIMAT0000455,ASB16-AS1,339201,CLIP-Seq,24297251,Unspecified
hsa-mir-185-5p,MIMAT0000455,ASB16-AS1,339201,CLIP-Seq,24297251,Unspecified
hsa-mir-186-5p,MIMAT0000456,LINC01291,102724515,CLIP-Seq,24297251,Unspecified
hsa-mir-186-5p,MIMAT0000456,ZMIZ1-AS1,283050,CLIP-Seq,24297251,Unspecified
hsa-mir-18a-5p,MIMAT0000072,GABPB1-AS1,100129387,CLIP-Seq,24297251,Unspecified
hsa-mir-18a-5p,MIMAT0000072,FENDRR,400550,CLIP-Seq,24297251,Unspecified
hsa-mir-18b-5p,MIMAT0001412,GABPB1-AS1,100129387,CLIP-Seq,24297251,Unspecified
hsa-mir-18b-5p,MIMAT0001412,FENDRR,400550,CLIP-Seq,24297251,Unspecified
hsa-mir-1908-5p,MIMAT0007881,MBNL1-AS1,401093,CLIP-Seq,24297251,Unspecified
hsa-mir-1908-5p,MIMAT0007881,TPT1-AS1,100190939,CLIP-Seq,24297251,Unspecified
hsa-mir-1908-5p,MIMAT0007881,TBX2-AS1,103689912,CLIP-Seq,24297251,Unspecified
hsa-mir-1913,MIMAT0007888,ASB16-AS1,339201,CLIP-Seq,24297251,Unspecified
hsa-mir-1913,MIMAT0007888,TBX2-AS1,103689912,CLIP-Seq,24297251,Unspecified
hsa-mir-1914-3p,MIMAT0007890,ZMIZ1-AS1,283050,CLIP-Seq,24297251,Unspecified
hsa-mir-1914-3p,MIMAT0007890,ASB16-AS1,339201,CLIP-Seq,24297251,Unspecified
hsa-mir-193a-3p,MIMAT0000459,LIMD1-AS1,644714,CLIP-Seq,24297251,Unspecified
hsa-mir-193a-3p,MIMAT0000459,AGAP2-AS1,100130776,CLIP-Seq,24297251,Unspecified
hsa-mir-193b-3p,MIMAT0002819,LIMD1-AS1,644714,CLIP-Seq,24297251,Unspecified
hsa-mir-193b-3p,MIMAT0002819,AGAP2-AS1,100130776,CLIP-Seq,24297251,Unspecified
hsa-mir-194-5p,MIMAT0000460,RASSF8-AS1,100506451,CLIP-Seq,24297251,Unspecified
hsa-mir-194-5p,MIMAT0000460,GABPB1-AS1,100129387,CLIP-Seq,24297251,Unspecified
hsa-mir-195-5p,MIMAT0000461,MBNL1-AS1,401093,CLIP-Seq,24297251,Unspecified
hsa-mir-195-5p,MIMAT0000461,LINC00473,90632,CLIP-Seq,24297251,Unspecified
hsa-mir-195-5p,MIMAT0000461,LINC00473,90632,CLIP-Seq,24297251,Unspecified
hsa-mir-195-5p,MIMAT0000461,LINC00473,90632,CLIP-Seq,24297251,Unspecified
hsa-mir-195-5p,MIMAT0000461,ZMIZ1-AS1,283050,CLIP-Seq,24297251,Unspecified
hsa-mir-195-5p,MIMAT0000461,AGAP2-AS1,100130776,CLIP-Seq,24297251,Unspecified
hsa-mir-195-5p,MIMAT0000461,MEG3,55384,CLIP-Seq,24297251,Unspecified
hsa-mir-195-5p,MIMAT0000461,GABPB1-AS1,100129387,CLIP-Seq,24297251,Unspecified
hsa-mir-195-5p,MIMAT0000461,GABPB1-AS1,100129387,CLIP-Seq,24297251,Unspecified
hsa-mir-195-5p,MIMAT0000461,FENDRR,400550,CLIP-Seq,24297251,Unspecified
hsa-mir-195-5p,MIMAT0000461,TBX2-AS1,103689912,CLIP-Seq,24297251,Unspecified
hsa-mir-197-3p,MIMAT0000227,XXYLT1-AS2,101410543,CLIP-Seq,24297251,Unspecified
hsa-mir-199a-3p,MIMAT0000232,GABPB1-AS1,100129387,CLIP-Seq,24297251,Unspecified
hsa-mir-199a-5p,MIMAT0000231,LUCAT1,100505994,CLIP-Seq,24297251,Unspecified
hsa-mir-199a-5p,MIMAT0000231,GABPB1-AS1,100129387,CLIP-Seq,24297251,Unspecified
hsa-mir-199b-3p,MIMAT0004563,GABPB1-AS1,100129387,CLIP-Seq,24297251,Unspecified
hsa-mir-199b-5p,MIMAT0000263,LUCAT1,100505994,CLIP-Seq,24297251,Unspecified
hsa-mir-199b-5p,MIMAT0000263,GABPB1-AS1,100129387,CLIP-Seq,24297251,Unspecified
hsa-mir-202-5p,MIMAT0002810,GABPB1-AS1,100129387,CLIP-Seq,24297251,Unspecified
hsa-mir-202-5p,MIMAT0002810,GABPB1-AS1,100129387,CLIP-Seq,24297251,Unspecified
hsa-mir-204-5p,MIMAT0000265,GABPB1-AS1,100129387,CLIP-Seq,24297251,Unspecified
hsa-mir-204-5p,MIMAT0000265,GABPB1-AS1,100129387,CLIP-Seq,24297251,Unspecified
hsa-mir-204-5p,MIMAT0000265,GABPB1-AS1,100129387,CLIP-Seq,24297251,Unspecified
hsa-mir-205-5p,MIMAT0000266,TBX2-AS1,103689912,CLIP-Seq,24297251,Unspecified
hsa-mir-205-5p,MIMAT0000266,TBX2-AS1,103689912,CLIP-Seq,24297251,Unspecified
hsa-mir-20a-5p,MIMAT0000075,HOTAIRM1,100506311,CLIP-Seq,24297251,Unspecified
hsa-mir-20a-5p,MIMAT0000075,GABPB1-AS1,100129387,CLIP-Seq,24297251,Unspecified
hsa-mir-20b-5p,MIMAT0001413,HOTAIRM1,100506311,CLIP-Seq,24297251,Unspecified
hsa-mir-20b-5p,MIMAT0001413,GABPB1-AS1,100129387,CLIP-Seq,24297251,Unspecified
hsa-mir-210-3p,MIMAT0000267,LINC00473,90632,CLIP-Seq,24297251,Unspecified
hsa-mir-211-5p,MIMAT0000268,GABPB1-AS1,100129387,CLIP-Seq,24297251,Unspecified
hsa-mir-211-5p,MIMAT0000268,GABPB1-AS1,100129387,CLIP-Seq,24297251,Unspecified
hsa-mir-211-5p,MIMAT0000268,GABPB1-AS1,100129387,CLIP-Seq,24297251,Unspecified
hsa-mir-2114-3p,MIMAT0011157,FENDRR,400550,CLIP-Seq,24297251,Unspecified
hsa-mir-2115-3p,MIMAT0011159,GABPB1-AS1,100129387,CLIP-Seq,24297251,Unspecified
hsa-mir-2116-3p,MIMAT0011161,MBNL1-AS1,401093,CLIP-Seq,24297251,Unspecified
hsa-mir-212-3p,MIMAT0000269,MBNL1-AS1,401093,CLIP-Seq,24297251,Unspecified
hsa-mir-212-5p,MIMAT0022695,LINC00473,90632,CLIP-Seq,24297251,Unspecified
hsa-mir-212-5p,MIMAT0022695,LINC00473,90632,CLIP-Seq,24297251,Unspecified
hsa-mir-212-5p,MIMAT0022695,FENDRR,400550,CLIP-Seq,24297251,Unspecified
hsa-mir-214-3p,MIMAT0000271,FENDRR,400550,CLIP-Seq,24297251,Unspecified
hsa-mir-214-3p,MIMAT0000271,ASB16-AS1,339201,CLIP-Seq,24297251,Unspecified
hsa-mir-214-3p,MIMAT0000271,TBX2-AS1,103689912,CLIP-Seq,24297251,Unspecified
hsa-mir-214-5p,MIMAT0004564,TBX2-AS1,103689912,CLIP-Seq,24297251,Unspecified
hsa-mir-214-5p,MIMAT0004564,TBX2-AS1,103689912,CLIP-Seq,24297251,Unspecified
hsa-mir-216a-3p,MIMAT0022844,ZMIZ1-AS1,283050,CLIP-Seq,24297251,Unspecified
hsa-mir-216a-3p,MIMAT0022844,RASSF8-AS1,100506451,CLIP-Seq,24297251,Unspecified
hsa-mir-216a-3p,MIMAT0022844,GABPB1-AS1,100129387,CLIP-Seq,24297251,Unspecified
hsa-mir-216a-5p,MIMAT0000273,MEG3,55384,CLIP-Seq,24297251,Unspecified
hsa-mir-216a-5p,MIMAT0000273,GABPB1-AS1,100129387,CLIP-Seq,24297251,Unspecified
hsa-mir-216b-5p,MIMAT0004959,GABPB1-AS1,100129387,CLIP-Seq,24297251,Unspecified
hsa-mir-217,MIMAT0000274,GABPB1-AS1,100129387,CLIP-Seq,24297251,Unspecified
hsa-mir-219a-5p,MIMAT0000276,MEG3,55384,CLIP-Seq,24297251,Unspecified
hsa-mir-22-3p,MIMAT0000077,MEG3,55384,CLIP-Seq,24297251,Unspecified
hsa-mir-22-3p,MIMAT0000077,GABPB1-AS1,100129387,CLIP-Seq,24297251,Unspecified
hsa-mir-22-3p,MIMAT0000077,TBX2-AS1,103689912,CLIP-Seq,24297251,Unspecified
hsa-mir-221-3p,MIMAT0000278,PAXIP1-AS2,100132707,CLIP-Seq,24297251,Unspecified
hsa-mir-221-3p,MIMAT0000278,RASSF8-AS1,100506451,CLIP-Seq,24297251,Unspecified
hsa-mir-222-3p,MIMAT0000279,PAXIP1-AS2,100132707,CLIP-Seq,24297251,Unspecified
hsa-mir-222-3p,MIMAT0000279,RASSF8-AS1,100506451,CLIP-Seq,24297251,Unspecified
hsa-mir-224-3p,MIMAT0009198,GABPB1-AS1,100129387,CLIP-Seq,24297251,Unspecified
hsa-mir-2277-5p,MIMAT0017352,TBX2-AS1,103689912,CLIP-Seq,24297251,Unspecified
hsa-mir-2278,MIMAT0011778,LINC01291,102724515,CLIP-Seq,24297251,Unspecified
hsa-mir-2278,MIMAT0011778,LUCAT1,100505994,CLIP-Seq,24297251,Unspecified
hsa-mir-2278,MIMAT0011778,AGAP2-AS1,100130776,CLIP-Seq,24297251,Unspecified
hsa-mir-2278,MIMAT0011778,TPT1-AS1,100190939,CLIP-Seq,24297251,Unspecified
hsa-mir-2278,MIMAT0011778,GABPB1-AS1,100129387,CLIP-Seq,24297251,Unspecified
hsa-mir-2278,MIMAT0011778,FENDRR,400550,CLIP-Seq,24297251,Unspecified
hsa-mir-2355-3p,MIMAT0017950,GABPB1-AS1,100129387,CLIP-Seq,24297251,Unspecified
hsa-mir-2355-5p,MIMAT0016895,LINC01291,102724515,CLIP-Seq,24297251,Unspecified
hsa-mir-2355-5p,MIMAT0016895,GABPB1-AS1,100129387,CLIP-Seq,24297251,Unspecified
hsa-mir-2355-5p,MIMAT0016895,GABPB1-AS1,100129387,CLIP-Seq,24297251,Unspecified
hsa-mir-2355-5p,MIMAT0016895,GABPB1-AS1,100129387,CLIP-Seq,24297251,Unspecified
hsa-mir-2355-5p,MIMAT0016895,ASB16-AS1,339201,CLIP-Seq,24297251,Unspecified
hsa-mir-2355-5p,MIMAT0016895,TBX2-AS1,103689912,CLIP-Seq,24297251,Unspecified
hsa-mir-23a-3p,MIMAT0000078,LINC00473,90632,CLIP-Seq,24297251,Unspecified
hsa-mir-23a-3p,MIMAT0000078,ZMIZ1-AS1,283050,CLIP-Seq,24297251,Unspecified
hsa-mir-23a-3p,MIMAT0000078,MEG3,55384,CLIP-Seq,24297251,Unspecified
hsa-mir-23a-3p,MIMAT0000078,GABPB1-AS1,100129387,CLIP-Seq,24297251,Unspecified
hsa-mir-23b-3p,MIMAT0000418,LINC00473,90632,CLIP-Seq,24297251,Unspecified
hsa-mir-23b-3p,MIMAT0000418,ZMIZ1-AS1,283050,CLIP-Seq,24297251,Unspecified
hsa-mir-23b-3p,MIMAT0000418,MEG3,55384,CLIP-Seq,24297251,Unspecified
hsa-mir-23b-3p,MIMAT0000418,GABPB1-AS1,100129387,CLIP-Seq,24297251,Unspecified
hsa-mir-23c,MIMAT0018000,LINC00473,90632,CLIP-Seq,24297251,Unspecified
hsa-mir-23c,MIMAT0018000,ZMIZ1-AS1,283050,CLIP-Seq,24297251,Unspecified
hsa-mir-23c,MIMAT0018000,MEG3,55384,CLIP-Seq,24297251,Unspecified
hsa-mir-23c,MIMAT0018000,GABPB1-AS1,100129387,CLIP-Seq,24297251,Unspecified
hsa-mir-24-3p,MIMAT0000080,FENDRR,400550,CLIP-Seq,24297251,Unspecified
hsa-mir-2467-3p,MIMAT0019953,LINC00473,90632,CLIP-Seq,24297251,Unspecified
hsa-mir-2467-3p,MIMAT0019953,RASSF8-AS1,100506451,CLIP-Seq,24297251,Unspecified
hsa-mir-2467-3p,MIMAT0019953,GABPB1-AS1,100129387,CLIP-Seq,24297251,Unspecified
hsa-mir-25-3p,MIMAT0000081,GABPB1-AS1,100129387,CLIP-Seq,24297251,Unspecified
hsa-mir-2681-3p,MIMAT0013516,GABPB1-AS1,100129387,CLIP-Seq,24297251,Unspecified
hsa-mir-2682-5p,MIMAT0013517,GABPB1-AS1,100129387,CLIP-Seq,24297251,Unspecified
hsa-mir-26a-5p,MIMAT0000082,GABPB1-AS1,100129387,CLIP-Seq,24297251,Unspecified
hsa-mir-26b-5p,MIMAT0000083,GABPB1-AS1,100129387,CLIP-Seq,24297251,Unspecified
hsa-mir-27a-3p,MIMAT0000084,RASSF8-AS1,100506451,CLIP-Seq,24297251,Unspecified
hsa-mir-27a-3p,MIMAT0000084,RASSF8-AS1,100506451,CLIP-Seq,24297251,Unspecified
hsa-mir-27a-3p,MIMAT0000084,GABPB1-AS1,100129387,CLIP-Seq,24297251,Unspecified
hsa-mir-27b-3p,MIMAT0000419,GABPB1-AS1,100129387,CLIP-Seq,24297251,Unspecified
hsa-mir-28-5p,MIMAT0000085,MBNL1-AS1,401093,CLIP-Seq,24297251,Unspecified
hsa-mir-28-5p,MIMAT0000085,MBNL1-AS1,401093,CLIP-Seq,24297251,Unspecified
hsa-mir-28-5p,MIMAT0000085,FENDRR,400550,CLIP-Seq,24297251,Unspecified
hsa-mir-296-3p,MIMAT0004679,AGAP2-AS1,100130776,CLIP-Seq,24297251,Unspecified
hsa-mir-296-3p,MIMAT0004679,FENDRR,400550,CLIP-Seq,24297251,Unspecified
hsa-mir-299-3p,MIMAT0000687,RASSF8-AS1,100506451,CLIP-Seq,24297251,Unspecified
hsa-mir-299-5p,MIMAT0002890,GABPB1-AS1,100129387,CLIP-Seq,24297251,Unspecified
hsa-mir-300,MIMAT0004903,GABPB1-AS1,100129387,CLIP-Seq,24297251,Unspecified
hsa-mir-300,MIMAT0004903,GABPB1-AS1,100129387,CLIP-Seq,24297251,Unspecified
hsa-mir-302a-3p,MIMAT0000684,GABPB1-AS1,100129387,CLIP-Seq,24297251,Unspecified
hsa-mir-302b-3p,MIMAT0000715,GABPB1-AS1,100129387,CLIP-Seq,24297251,Unspecified
hsa-mir-302c-3p,MIMAT0000717,GABPB1-AS1,100129387,CLIP-Seq,24297251,Unspecified
hsa-mir-302d-3p,MIMAT0000718,GABPB1-AS1,100129387,CLIP-Seq,24297251,Unspecified
hsa-mir-302e,MIMAT0005931,GABPB1-AS1,100129387,CLIP-Seq,24297251,Unspecified
hsa-mir-3064-5p,MIMAT0019864,AGAP2-AS1,100130776,CLIP-Seq,24297251,Unspecified
hsa-mir-31-5p,MIMAT0000089,RASSF8-AS1,100506451,CLIP-Seq,24297251,Unspecified
hsa-mir-3118,MIMAT0014980,GABPB1-AS1,100129387,CLIP-Seq,24297251,Unspecified
hsa-mir-3126-5p,MIMAT0014989,ZMIZ1-AS1,283050,CLIP-Seq,24297251,Unspecified
hsa-mir-3126-5p,MIMAT0014989,TPT1-AS1,100190939,CLIP-Seq,24297251,Unspecified
hsa-mir-3126-5p,MIMAT0014989,ASB16-AS1,339201,CLIP-Seq,24297251,Unspecified
hsa-mir-3127-5p,MIMAT0014990,TBX2-AS1,103689912,CLIP-Seq,24297251,Unspecified
hsa-mir-3129-5p,MIMAT0014992,GABPB1-AS1,100129387,CLIP-Seq,24297251,Unspecified
hsa-mir-3139,MIMAT0015007,MBNL1-AS1,401093,CLIP-Seq,24297251,Unspecified
hsa-mir-3139,MIMAT0015007,MBNL1-AS1,401093,CLIP-Seq,24297251,Unspecified
hsa-mir-3139,MIMAT0015007,FENDRR,400550,CLIP-Seq,24297251,Unspecified
hsa-mir-3140-3p,MIMAT0015008,HOTAIRM1,100506311,CLIP-Seq,24297251,Unspecified
hsa-mir-3140-3p,MIMAT0015008,GABPB1-AS1,100129387,CLIP-Seq,24297251,Unspecified
hsa-mir-3142,MIMAT0015011,LINC00473,90632,CLIP-Seq,24297251,Unspecified
hsa-mir-3142,MIMAT0015011,MEG3,55384,CLIP-Seq,24297251,Unspecified
hsa-mir-3142,MIMAT0015011,GABPB1-AS1,100129387,CLIP-Seq,24297251,Unspecified
hsa-mir-3142,MIMAT0015011,GABPB1-AS1,100129387,CLIP-Seq,24297251,Unspecified
hsa-mir-3142,MIMAT0015011,TBX2-AS1,103689912,CLIP-Seq,24297251,Unspecified
hsa-mir-3145-3p,MIMAT0015016,TPT1-AS1,100190939,CLIP-Seq,24297251,Unspecified
hsa-mir-3146,MIMAT0015018,GABPB1-AS1,100129387,CLIP-Seq,24297251,Unspecified
hsa-mir-3150a-3p,MIMAT0015023,ZMIZ1-AS1,283050,CLIP-Seq,24297251,Unspecified
hsa-mir-3150a-3p,MIMAT0015023,LINC00520,645687,CLIP-Seq,24297251,Unspecified
hsa-mir-3150a-3p,MIMAT0015023,MEG3,55384,CLIP-Seq,24297251,Unspecified
hsa-mir-3150b-3p,MIMAT0018194,ZMIZ1-AS1,283050,CLIP-Seq,24297251,Unspecified
hsa-mir-3163,MIMAT0015037,ZMIZ1-AS1,283050,CLIP-Seq,24297251,Unspecified
hsa-mir-3163,MIMAT0015037,GABPB1-AS1,100129387,CLIP-Seq,24297251,Unspecified
hsa-mir-3163,MIMAT0015037,GABPB1-AS1,100129387,CLIP-Seq,24297251,Unspecified
hsa-mir-3163,MIMAT0015037,GABPB1-AS1,100129387,CLIP-Seq,24297251,Unspecified
hsa-mir-3163,MIMAT0015037,GABPB1-AS1,100129387,CLIP-Seq,24297251,Unspecified
hsa-mir-3167,MIMAT0015042,GABPB1-AS1,100129387,CLIP-Seq,24297251,Unspecified
hsa-mir-3167,MIMAT0015042,GABPB1-AS1,100129387,CLIP-Seq,24297251,Unspecified
hsa-mir-3171,MIMAT0015046,GABPB1-AS1,100129387,CLIP-Seq,24297251,Unspecified
hsa-mir-3179,MIMAT0015056,RASSF8-AS1,100506451,CLIP-Seq,24297251,Unspecified
hsa-mir-3179,MIMAT0015056,ASB16-AS1,339201,CLIP-Seq,24297251,Unspecified
hsa-mir-3180,MIMAT0018178,HOTAIRM1,100506311,CLIP-Seq,24297251,Unspecified
hsa-mir-3180-3p,MIMAT0015058,HOTAIRM1,100506311,CLIP-Seq,24297251,Unspecified
hsa-mir-3184-5p,MIMAT0015064,MBNL1-AS1,401093,CLIP-Seq,24297251,Unspecified
hsa-mir-3184-5p,MIMAT0015064,GABPB1-AS1,100129387,CLIP-Seq,24297251,Unspecified
hsa-mir-3184-5p,MIMAT0015064,FENDRR,400550,CLIP-Seq,24297251,Unspecified
hsa-mir-3187-3p,MIMAT0015069,LINC00473,90632,CLIP-Seq,24297251,Unspecified
hsa-mir-3187-3p,MIMAT0015069,LINC00520,645687,CLIP-Seq,24297251,Unspecified
hsa-mir-3194-3p,MIMAT0019218,ASB16-AS1,339201,CLIP-Seq,24297251,Unspecified
hsa-mir-3194-5p,MIMAT0015078,GABPB1-AS1,100129387,CLIP-Seq,24297251,Unspecified
hsa-mir-3194-5p,MIMAT0015078,ASB16-AS1,339201,CLIP-Seq,24297251,Unspecified
hsa-mir-3196,MIMAT0015080,HOTAIRM1,100506311,CLIP-Seq,24297251,Unspecified
hsa-mir-32-5p,MIMAT0000090,GABPB1-AS1,100129387,CLIP-Seq,24297251,Unspecified
hsa-mir-3200-3p,MIMAT0015085,GABPB1-AS1,100129387,CLIP-Seq,24297251,Unspecified
hsa-mir-3200-3p,MIMAT0015085,GABPB1-AS1,100129387,CLIP-Seq,24297251,Unspecified
hsa-mir-3200-5p,MIMAT0017392,LINC00473,90632,CLIP-Seq,24297251,Unspecified
hsa-mir-320a,MIMAT0000510,MBNL1-AS1,401093,CLIP-Seq,24297251,Unspecified
hsa-mir-320a,MIMAT0000510,MEG3,55384,CLIP-Seq,24297251,Unspecified
hsa-mir-320a,MIMAT0000510,GABPB1-AS1,100129387,CLIP-Seq,24297251,Unspecified
hsa-mir-320a,MIMAT0000510,ASB16-AS1,339201,CLIP-Seq,24297251,Unspecified
hsa-mir-320a,MIMAT0000510,ASB16-AS1,339201,CLIP-Seq,24297251,Unspecified
hsa-mir-320b,MIMAT0005792,MBNL1-AS1,401093,CLIP-Seq,24297251,Unspecified
hsa-mir-320b,MIMAT0005792,MEG3,55384,CLIP-Seq,24297251,Unspecified
hsa-mir-320b,MIMAT0005792,GABPB1-AS1,100129387,CLIP-Seq,24297251,Unspecified
hsa-mir-320b,MIMAT0005792,ASB16-AS1,339201,CLIP-Seq,24297251,Unspecified
hsa-mir-320b,MIMAT0005792,ASB16-AS1,339201,CLIP-Seq,24297251,Unspecified
hsa-mir-320c,MIMAT0005793,MBNL1-AS1,401093,CLIP-Seq,24297251,Unspecified
hsa-mir-320c,MIMAT0005793,MEG3,55384,CLIP-Seq,24297251,Unspecified
hsa-mir-320c,MIMAT0005793,GABPB1-AS1,100129387,CLIP-Seq,24297251,Unspecified
hsa-mir-320c,MIMAT0005793,ASB16-AS1,339201,CLIP-Seq,24297251,Unspecified
hsa-mir-320c,MIMAT0005793,ASB16-AS1,339201,CLIP-Seq,24297251,Unspecified
hsa-mir-320d,MIMAT0006764,MBNL1-AS1,401093,CLIP-Seq,24297251,Unspecified
hsa-mir-320d,MIMAT0006764,MEG3,55384,CLIP-Seq,24297251,Unspecified
hsa-mir-320d,MIMAT0006764,GABPB1-AS1,100129387,CLIP-Seq,24297251,Unspecified
hsa-mir-320d,MIMAT0006764,ASB16-AS1,339201,CLIP-Seq,24297251,Unspecified
hsa-mir-320d,MIMAT0006764,ASB16-AS1,339201,CLIP-Seq,24297251,Unspecified
hsa-mir-323a-3p,MIMAT0000755,GABPB1-AS1,100129387,CLIP-Seq,24297251,Unspecified
hsa-mir-324-3p,MIMAT0000762,ASB16-AS1,339201,CLIP-Seq,24297251,Unspecified
hsa-mir-324-3p,MIMAT0000762,TBX2-AS1,103689912,CLIP-Seq,24297251,Unspecified
hsa-mir-324-5p,MIMAT0000761,RASSF8-AS1,100506451,CLIP-Seq,24297251,Unspecified
hsa-mir-324-5p,MIMAT0000761,TPT1-AS1,100190939,CLIP-Seq,24297251,Unspecified
hsa-mir-325,MIMAT0000771,GABPB1-AS1,100129387,CLIP-Seq,24297251,Unspecified
hsa-mir-326,MIMAT0000756,MEG3,55384,CLIP-Seq,24297251,Unspecified
hsa-mir-328-3p,MIMAT0000752,LINC00473,90632,CLIP-Seq,24297251,Unspecified
hsa-mir-329-3p,MIMAT0001629,GABPB1-AS1,100129387,CLIP-Seq,24297251,Unspecified
hsa-mir-329-3p,MIMAT0001629,TBX2-AS1,103689912,CLIP-Seq,24297251,Unspecified
hsa-mir-330-3p,MIMAT0000751,LINC00473,90632,CLIP-Seq,24297251,Unspecified
hsa-mir-330-3p,MIMAT0000751,GABPB1-AS1,100129387,CLIP-Seq,24297251,Unspecified
hsa-mir-330-3p,MIMAT0000751,ASB16-AS1,339201,CLIP-Seq,24297251,Unspecified
hsa-mir-330-5p,MIMAT0004693,MEG3,55384,CLIP-Seq,24297251,Unspecified
hsa-mir-331-3p,MIMAT0000760,FENDRR,400550,CLIP-Seq,24297251,Unspecified
hsa-mir-338-3p,MIMAT0000763,RASSF8-AS1,100506451,CLIP-Seq,24297251,Unspecified
hsa-mir-338-3p,MIMAT0000763,GABPB1-AS1,100129387,CLIP-Seq,24297251,Unspecified
hsa-mir-338-3p,MIMAT0000763,FENDRR,400550,CLIP-Seq,24297251,Unspecified
hsa-mir-339-5p,MIMAT0000764,LINC00473,90632,CLIP-Seq,24297251,Unspecified
hsa-mir-339-5p,MIMAT0000764,MEG3,55384,CLIP-Seq,24297251,Unspecified
hsa-mir-33a-5p,MIMAT0000091,RASSF8-AS1,100506451,CLIP-Seq,24297251,Unspecified
hsa-mir-33a-5p,MIMAT0000091,GABPB1-AS1,100129387,CLIP-Seq,24297251,Unspecified
hsa-mir-33b-5p,MIMAT0003301,RASSF8-AS1,100506451,CLIP-Seq,24297251,Unspecified
hsa-mir-33b-5p,MIMAT0003301,GABPB1-AS1,100129387,CLIP-Seq,24297251,Unspecified
hsa-mir-340-5p,MIMAT0004692,RASSF8-AS1,100506451,CLIP-Seq,24297251,Unspecified
hsa-mir-342-3p,MIMAT0000753,RASSF8-AS1,100506451,CLIP-Seq,24297251,Unspecified
hsa-mir-342-3p,MIMAT0000753,GABPB1-AS1,100129387,CLIP-Seq,24297251,Unspecified
hsa-mir-345-5p,MIMAT0000772,LINC00473,90632,CLIP-Seq,24297251,Unspecified
hsa-mir-345-5p,MIMAT0000772,GABPB1-AS1,100129387,CLIP-Seq,24297251,Unspecified
hsa-mir-345-5p,MIMAT0000772,GABPB1-AS1,100129387,CLIP-Seq,24297251,Unspecified
hsa-mir-346,MIMAT0000773,GABPB1-AS1,100129387,CLIP-Seq,24297251,Unspecified
hsa-mir-346,MIMAT0000773,GABPB1-AS1,100129387,CLIP-Seq,24297251,Unspecified
hsa-mir-34a-5p,MIMAT0000255,GABPB1-AS1,100129387,CLIP-Seq,24297251,Unspecified
hsa-mir-34b-5p,MIMAT0000685,GABPB1-AS1,100129387,CLIP-Seq,24297251,Unspecified
hsa-mir-34c-5p,MIMAT0000686,GABPB1-AS1,100129387,CLIP-Seq,24297251,Unspecified
hsa-mir-3529-5p,MIMAT0019828,ASB16-AS1,339201,CLIP-Seq,24297251,Unspecified
hsa-mir-3605-3p,MIMAT0017982,LIMD1-AS1,644714,CLIP-Seq,24297251,Unspecified
hsa-mir-361-5p,MIMAT0000703,MEG3,55384,CLIP-Seq,24297251,Unspecified
hsa-mir-3612,MIMAT0017989,ZMIZ1-AS1,283050,CLIP-Seq,24297251,Unspecified
hsa-mir-3612,MIMAT0017989,ASB16-AS1,339201,CLIP-Seq,24297251,Unspecified
hsa-mir-3612,MIMAT0017989,ASB16-AS1,339201,CLIP-Seq,24297251,Unspecified
hsa-mir-3613-5p,MIMAT0017990,PAXIP1-AS2,100132707,CLIP-Seq,24297251,Unspecified
hsa-mir-3614-5p,MIMAT0017992,TPT1-AS1,100190939,CLIP-Seq,24297251,Unspecified
hsa-mir-3614-5p,MIMAT0017992,GABPB1-AS1,100129387,CLIP-Seq,24297251,Unspecified
hsa-mir-3617-5p,MIMAT0017997,GABPB1-AS1,100129387,CLIP-Seq,24297251,Unspecified
hsa-mir-3619-5p,MIMAT0017999,FENDRR,400550,CLIP-Seq,24297251,Unspecified
hsa-mir-3619-5p,MIMAT0017999,ASB16-AS1,339201,CLIP-Seq,24297251,Unspecified
hsa-mir-3619-5p,MIMAT0017999,TBX2-AS1,103689912,CLIP-Seq,24297251,Unspecified
hsa-mir-362-3p,MIMAT0004683,GABPB1-AS1,100129387,CLIP-Seq,24297251,Unspecified
hsa-mir-362-3p,MIMAT0004683,TBX2-AS1,103689912,CLIP-Seq,24297251,Unspecified
hsa-mir-362-5p,MIMAT0000705,MBNL1-AS1,401093,CLIP-Seq,24297251,Unspecified
hsa-mir-362-5p,MIMAT0000705,FENDRR,400550,CLIP-Seq,24297251,Unspecified
hsa-mir-362-5p,MIMAT0000705,ASB16-AS1,339201,CLIP-Seq,24297251,Unspecified
hsa-mir-363-3p,MIMAT0000707,GABPB1-AS1,100129387,CLIP-Seq,24297251,Unspecified
hsa-mir-367-3p,MIMAT0000719,GABPB1-AS1,100129387,CLIP-Seq,24297251,Unspecified
hsa-mir-3681-3p,MIMAT0018109,ZMIZ1-AS1,283050,CLIP-Seq,24297251,Unspecified
hsa-mir-3681-3p,MIMAT0018109,RASSF8-AS1,100506451,CLIP-Seq,24297251,Unspecified
hsa-mir-3681-3p,MIMAT0018109,GABPB1-AS1,100129387,CLIP-Seq,24297251,Unspecified
hsa-mir-370-5p,MIMAT0026483,GABPB1-AS1,100129387,CLIP-Seq,24297251,Unspecified
hsa-mir-371a-5p,MIMAT0004687,GABPB1-AS1,100129387,CLIP-Seq,24297251,Unspecified
hsa-mir-372-3p,MIMAT0000724,GABPB1-AS1,100129387,CLIP-Seq,24297251,Unspecified
hsa-mir-373-3p,MIMAT0000726,GABPB1-AS1,100129387,CLIP-Seq,24297251,Unspecified
hsa-mir-374a-3p,MIMAT0004688,RASSF8-AS1,100506451,CLIP-Seq,24297251,Unspecified
hsa-mir-374a-5p,MIMAT0000727,GABPB1-AS1,100129387,CLIP-Seq,24297251,Unspecified
hsa-mir-374b-5p,MIMAT0004955,GABPB1-AS1,100129387,CLIP-Seq,24297251,Unspecified
hsa-mir-376a-3p,MIMAT0000729,MEG3,55384,CLIP-Seq,24297251,Unspecified
hsa-mir-376a-3p,MIMAT0000729,GABPB1-AS1,100129387,CLIP-Seq,24297251,Unspecified
hsa-mir-376b-3p,MIMAT0002172,MEG3,55384,CLIP-Seq,24297251,Unspecified
hsa-mir-376b-3p,MIMAT0002172,GABPB1-AS1,100129387,CLIP-Seq,24297251,Unspecified
hsa-mir-376c-3p,MIMAT0000720,MEG3,55384,CLIP-Seq,24297251,Unspecified
hsa-mir-377-3p,MIMAT0000730,TBX2-AS1,103689912,CLIP-Seq,24297251,Unspecified
hsa-mir-378g,MIMAT0018937,MBNL1-AS1,401093,CLIP-Seq,24297251,Unspecified
hsa-mir-378g,MIMAT0018937,LINC00520,645687,CLIP-Seq,24297251,Unspecified
hsa-mir-379-5p,MIMAT0000733,ASB16-AS1,339201,CLIP-Seq,24297251,Unspecified
hsa-mir-380-3p,MIMAT0000735,GABPB1-AS1,100129387,CLIP-Seq,24297251,Unspecified
hsa-mir-381-3p,MIMAT0000736,GABPB1-AS1,100129387,CLIP-Seq,24297251,Unspecified
hsa-mir-381-3p,MIMAT0000736,GABPB1-AS1,100129387,CLIP-Seq,24297251,Unspecified
hsa-mir-3909,MIMAT0018183,GABPB1-AS1,100129387,CLIP-Seq,24297251,Unspecified
hsa-mir-3918,MIMAT0018192,ASB16-AS1,339201,CLIP-Seq,24297251,Unspecified
hsa-mir-3924,MIMAT0018199,ZMIZ1-AS1,283050,CLIP-Seq,24297251,Unspecified
hsa-mir-3924,MIMAT0018199,GABPB1-AS1,100129387,CLIP-Seq,24297251,Unspecified
hsa-mir-3924,MIMAT0018199,GABPB1-AS1,100129387,CLIP-Seq,24297251,Unspecified
hsa-mir-3940-3p,MIMAT0018356,ASB16-AS1,339201,CLIP-Seq,24297251,Unspecified
hsa-mir-3942-5p,MIMAT0018358,FENDRR,400550,CLIP-Seq,24297251,Unspecified
hsa-mir-3944-3p,MIMAT0018360,TBX2-AS1,103689912,CLIP-Seq,24297251,Unspecified
hsa-mir-409-3p,MIMAT0001639,GABPB1-AS1,100129387,CLIP-Seq,24297251,Unspecified
hsa-mir-411-5p,MIMAT0003329,GABPB1-AS1,100129387,CLIP-Seq,24297251,Unspecified
hsa-mir-411-5p,MIMAT0003329,ASB16-AS1,339201,CLIP-Seq,24297251,Unspecified
hsa-mir-421,MIMAT0003339,FENDRR,400550,CLIP-Seq,24297251,Unspecified
hsa-mir-423-5p,MIMAT0004748,MBNL1-AS1,401093,CLIP-Seq,24297251,Unspecified
hsa-mir-423-5p,MIMAT0004748,GABPB1-AS1,100129387,CLIP-Seq,24297251,Unspecified
hsa-mir-423-5p,MIMAT0004748,FENDRR,400550,CLIP-Seq,24297251,Unspecified
hsa-mir-424-5p,MIMAT0001341,MBNL1-AS1,401093,CLIP-Seq,24297251,Unspecified
hsa-mir-424-5p,MIMAT0001341,LINC00473,90632,CLIP-Seq,24297251,Unspecified
hsa-mir-424-5p,MIMAT0001341,LINC00473,90632,CLIP-Seq,24297251,Unspecified
hsa-mir-424-5p,MIMAT0001341,LINC00473,90632,CLIP-Seq,24297251,Unspecified
hsa-mir-424-5p,MIMAT0001341,ZMIZ1-AS1,283050,CLIP-Seq,24297251,Unspecified
hsa-mir-424-5p,MIMAT0001341,AGAP2-AS1,100130776,CLIP-Seq,24297251,Unspecified
hsa-mir-424-5p,MIMAT0001341,MEG3,55384,CLIP-Seq,24297251,Unspecified
hsa-mir-424-5p,MIMAT0001341,GABPB1-AS1,100129387,CLIP-Seq,24297251,Unspecified
hsa-mir-424-5p,MIMAT0001341,GABPB1-AS1,100129387,CLIP-Seq,24297251,Unspecified
hsa-mir-424-5p,MIMAT0001341,FENDRR,400550,CLIP-Seq,24297251,Unspecified
hsa-mir-424-5p,MIMAT0001341,TBX2-AS1,103689912,CLIP-Seq,24297251,Unspecified
hsa-mir-4262,MIMAT0016894,MBNL1-AS1,401093,CLIP-Seq,24297251,Unspecified
hsa-mir-4262,MIMAT0016894,LUCAT1,100505994,CLIP-Seq,24297251,Unspecified
hsa-mir-4262,MIMAT0016894,MEG3,55384,CLIP-Seq,24297251,Unspecified
hsa-mir-4262,MIMAT0016894,FENDRR,400550,CLIP-Seq,24297251,Unspecified
hsa-mir-4306,MIMAT0016858,GABPB1-AS1,100129387,CLIP-Seq,24297251,Unspecified
hsa-mir-4306,MIMAT0016858,ASB16-AS1,339201,CLIP-Seq,24297251,Unspecified
hsa-mir-4306,MIMAT0016858,ASB16-AS1,339201,CLIP-Seq,24297251,Unspecified
hsa-mir-431-5p,MIMAT0001625,LINC00473,90632,CLIP-Seq,24297251,Unspecified
hsa-mir-431-5p,MIMAT0001625,RASSF8-AS1,100506451,CLIP-Seq,24297251,Unspecified
hsa-mir-433-3p,MIMAT0001627,TBX2-AS1,103689912,CLIP-Seq,24297251,Unspecified
hsa-mir-4424,MIMAT0018939,MEG3,55384,CLIP-Seq,24297251,Unspecified
hsa-mir-4424,MIMAT0018939,GABPB1-AS1,100129387,CLIP-Seq,24297251,Unspecified
hsa-mir-4428,MIMAT0018943,PAXIP1-AS2,100132707,CLIP-Seq,24297251,Unspecified
hsa-mir-4428,MIMAT0018943,ZMIZ1-AS1,283050,CLIP-Seq,24297251,Unspecified
hsa-mir-4428,MIMAT0018943,GABPB1-AS1,100129387,CLIP-Seq,24297251,Unspecified
hsa-mir-4428,MIMAT0018943,GABPB1-AS1,100129387,CLIP-Seq,24297251,Unspecified
hsa-mir-4429,MIMAT0018944,MBNL1-AS1,401093,CLIP-Seq,24297251,Unspecified
hsa-mir-4429,MIMAT0018944,MEG3,55384,CLIP-Seq,24297251,Unspecified
hsa-mir-4429,MIMAT0018944,GABPB1-AS1,100129387,CLIP-Seq,24297251,Unspecified
hsa-mir-4429,MIMAT0018944,ASB16-AS1,339201,CLIP-Seq,24297251,Unspecified
hsa-mir-4429,MIMAT0018944,ASB16-AS1,339201,CLIP-Seq,24297251,Unspecified
hsa-mir-4436a,MIMAT0018952,ZMIZ1-AS1,283050,CLIP-Seq,24297251,Unspecified
hsa-mir-4436a,MIMAT0018952,GABPB1-AS1,100129387,CLIP-Seq,24297251,Unspecified
hsa-mir-4436a,MIMAT0018952,TBX2-AS1,103689912,CLIP-Seq,24297251,Unspecified
hsa-mir-4465,MIMAT0018992,GABPB1-AS1,100129387,CLIP-Seq,24297251,Unspecified
hsa-mir-449a,MIMAT0001541,GABPB1-AS1,100129387,CLIP-Seq,24297251,Unspecified
hsa-mir-449b-5p,MIMAT0003327,GABPB1-AS1,100129387,CLIP-Seq,24297251,Unspecified
hsa-mir-449c-5p,MIMAT0010251,GABPB1-AS1,100129387,CLIP-Seq,24297251,Unspecified
hsa-mir-450b-5p,MIMAT0004909,GABPB1-AS1,100129387,CLIP-Seq,24297251,Unspecified
hsa-mir-450b-5p,MIMAT0004909,GABPB1-AS1,100129387,CLIP-Seq,24297251,Unspecified
hsa-mir-452-5p,MIMAT0001635,GABPB1-AS1,100129387,CLIP-Seq,24297251,Unspecified
hsa-mir-452-5p,MIMAT0001635,GABPB1-AS1,100129387,CLIP-Seq,24297251,Unspecified
hsa-mir-452-5p,MIMAT0001635,GABPB1-AS1,100129387,CLIP-Seq,24297251,Unspecified
hsa-mir-452-5p,MIMAT0001635,GABPB1-AS1,100129387,CLIP-Seq,24297251,Unspecified
hsa-mir-452-5p,MIMAT0001635,ASB16-AS1,339201,CLIP-Seq,24297251,Unspecified
hsa-mir-4524a-5p,MIMAT0019062,GABPB1-AS1,100129387,CLIP-Seq,24297251,Unspecified
hsa-mir-4524b-5p,MIMAT0022255,GABPB1-AS1,100129387,CLIP-Seq,24297251,Unspecified
hsa-mir-455-3p,MIMAT0004784,LINC00473,90632,CLIP-Seq,24297251,Unspecified
hsa-mir-455-3p,MIMAT0004784,GABPB1-AS1,100129387,CLIP-Seq,24297251,Unspecified
hsa-mir-4640-3p,MIMAT0019700,HOTAIRM1,100506311,CLIP-Seq,24297251,Unspecified
hsa-mir-4640-3p,MIMAT0019700,MEG3,55384,CLIP-Seq,24297251,Unspecified
hsa-mir-4640-3p,MIMAT0019700,MEG3,55384,CLIP-Seq,24297251,Unspecified
hsa-mir-4640-5p,MIMAT0019699,AGAP2-AS1,100130776,CLIP-Seq,24297251,Unspecified
hsa-mir-4640-5p,MIMAT0019699,FENDRR,400550,CLIP-Seq,24297251,Unspecified
hsa-mir-4644,MIMAT0019704,GABPB1-AS1,100129387,CLIP-Seq,24297251,Unspecified
hsa-mir-4644,MIMAT0019704,ASB16-AS1,339201,CLIP-Seq,24297251,Unspecified
hsa-mir-4662a-5p,MIMAT0019731,TPT1-AS1,100190939,CLIP-Seq,24297251,Unspecified
hsa-mir-4664-3p,MIMAT0019738,TBX2-AS1,103689912,CLIP-Seq,24297251,Unspecified
hsa-mir-4676-3p,MIMAT0019759,GABPB1-AS1,100129387,CLIP-Seq,24297251,Unspecified
hsa-mir-4676-3p,MIMAT0019759,GABPB1-AS1,100129387,CLIP-Seq,24297251,Unspecified
hsa-mir-4676-3p,MIMAT0019759,GABPB1-AS1,100129387,CLIP-Seq,24297251,Unspecified
hsa-mir-4676-3p,MIMAT0019759,GABPB1-AS1,100129387,CLIP-Seq,24297251,Unspecified
hsa-mir-4676-3p,MIMAT0019759,ASB16-AS1,339201,CLIP-Seq,24297251,Unspecified
hsa-mir-4677-3p,MIMAT0019761,AGAP2-AS1,100130776,CLIP-Seq,24297251,Unspecified
hsa-mir-4677-3p,MIMAT0019761,ASB16-AS1,339201,CLIP-Seq,24297251,Unspecified
hsa-mir-4701-5p,MIMAT0019798,GABPB1-AS1,100129387,CLIP-Seq,24297251,Unspecified
hsa-mir-4703-5p,MIMAT0019801,FENDRR,400550,CLIP-Seq,24297251,Unspecified
hsa-mir-4712-5p,MIMAT0019818,FENDRR,400550,CLIP-Seq,24297251,Unspecified
hsa-mir-4726-5p,MIMAT0019845,AGAP2-AS1,100130776,CLIP-Seq,24297251,Unspecified
hsa-mir-4726-5p,MIMAT0019845,FENDRR,400550,CLIP-Seq,24297251,Unspecified
hsa-mir-4731-5p,MIMAT0019853,AGAP2-AS1,100130776,CLIP-Seq,24297251,Unspecified
hsa-mir-4731-5p,MIMAT0019853,TPT1-AS1,100190939,CLIP-Seq,24297251,Unspecified
hsa-mir-4735-3p,MIMAT0019861,GABPB1-AS1,100129387,CLIP-Seq,24297251,Unspecified
hsa-mir-4735-3p,MIMAT0019861,FENDRR,400550,CLIP-Seq,24297251,Unspecified
hsa-mir-4739,MIMAT0019868,AGAP2-AS1,100130776,CLIP-Seq,24297251,Unspecified
hsa-mir-4739,MIMAT0019868,FENDRR,400550,CLIP-Seq,24297251,Unspecified
hsa-mir-4739,MIMAT0019868,ASB16-AS1,339201,CLIP-Seq,24297251,Unspecified
hsa-mir-4756-5p,MIMAT0019899,AGAP2-AS1,100130776,CLIP-Seq,24297251,Unspecified
hsa-mir-4756-5p,MIMAT0019899,FENDRR,400550,CLIP-Seq,24297251,Unspecified
hsa-mir-4756-5p,MIMAT0019899,ASB16-AS1,339201,CLIP-Seq,24297251,Unspecified
hsa-mir-4761-5p,MIMAT0019908,LINC00473,90632,CLIP-Seq,24297251,Unspecified
hsa-mir-4761-5p,MIMAT0019908,GABPB1-AS1,100129387,CLIP-Seq,24297251,Unspecified
hsa-mir-4766-3p,MIMAT0019918,FENDRR,400550,CLIP-Seq,24297251,Unspecified
hsa-mir-4766-5p,MIMAT0019917,GABPB1-AS1,100129387,CLIP-Seq,24297251,Unspecified
hsa-mir-4766-5p,MIMAT0019917,ASB16-AS1,339201,CLIP-Seq,24297251,Unspecified
hsa-mir-4770,MIMAT0019924,XXYLT1-AS2,101410543,CLIP-Seq,24297251,Unspecified
hsa-mir-4770,MIMAT0019924,MEG3,55384,CLIP-Seq,24297251,Unspecified
hsa-mir-4770,MIMAT0019924,GABPB1-AS1,100129387,CLIP-Seq,24297251,Unspecified
hsa-mir-4782-3p,MIMAT0019945,MEG3,55384,CLIP-Seq,24297251,Unspecified
hsa-mir-4784,MIMAT0019948,ZMIZ1-AS1,283050,CLIP-Seq,24297251,Unspecified
hsa-mir-483-3p,MIMAT0002173,RASSF8-AS1,100506451,CLIP-Seq,24297251,Unspecified
hsa-mir-485-5p,MIMAT0002175,MBNL1-AS1,401093,CLIP-Seq,24297251,Unspecified
hsa-mir-485-5p,MIMAT0002175,XXYLT1-AS2,101410543,CLIP-Seq,24297251,Unspecified
hsa-mir-485-5p,MIMAT0002175,RASSF8-AS1,100506451,CLIP-Seq,24297251,Unspecified
hsa-mir-485-5p,MIMAT0002175,MEG3,55384,CLIP-Seq,24297251,Unspecified
hsa-mir-485-5p,MIMAT0002175,GABPB1-AS1,100129387,CLIP-Seq,24297251,Unspecified
hsa-mir-485-5p,MIMAT0002175,GABPB1-AS1,100129387,CLIP-Seq,24297251,Unspecified
hsa-mir-485-5p,MIMAT0002175,GABPB1-AS1,100129387,CLIP-Seq,24297251,Unspecified
hsa-mir-487a-3p,MIMAT0002178,GABPB1-AS1,100129387,CLIP-Seq,24297251,Unspecified
hsa-mir-487b-3p,MIMAT0003180,GABPB1-AS1,100129387,CLIP-Seq,24297251,Unspecified
hsa-mir-488-3p,MIMAT0004763,ZMIZ1-AS1,283050,CLIP-Seq,24297251,Unspecified
hsa-mir-488-3p,MIMAT0004763,MEG3,55384,CLIP-Seq,24297251,Unspecified
hsa-mir-489-3p,MIMAT0002805,GABPB1-AS1,100129387,CLIP-Seq,24297251,Unspecified
hsa-mir-489-3p,MIMAT0002805,GABPB1-AS1,100129387,CLIP-Seq,24297251,Unspecified
hsa-mir-489-3p,MIMAT0002805,GABPB1-AS1,100129387,CLIP-Seq,24297251,Unspecified
hsa-mir-490-3p,MIMAT0002806,RASSF8-AS1,100506451,CLIP-Seq,24297251,Unspecified
hsa-mir-493-5p,MIMAT0002813,LUCAT1,100505994,CLIP-Seq,24297251,Unspecified
hsa-mir-493-5p,MIMAT0002813,PAXIP1-AS2,100132707,CLIP-Seq,24297251,Unspecified
hsa-mir-494-3p,MIMAT0002816,MEG3,55384,CLIP-Seq,24297251,Unspecified
hsa-mir-494-3p,MIMAT0002816,GABPB1-AS1,100129387,CLIP-Seq,24297251,Unspecified
hsa-mir-495-3p,MIMAT0002817,LUCAT1,100505994,CLIP-Seq,24297251,Unspecified
hsa-mir-495-3p,MIMAT0002817,FENDRR,400550,CLIP-Seq,24297251,Unspecified
hsa-mir-496,MIMAT0002818,XXYLT1-AS2,101410543,CLIP-Seq,24297251,Unspecified
hsa-mir-496,MIMAT0002818,MEG3,55384,CLIP-Seq,24297251,Unspecified
hsa-mir-497-5p,MIMAT0002820,MBNL1-AS1,401093,CLIP-Seq,24297251,Unspecified
hsa-mir-497-5p,MIMAT0002820,LINC00473,90632,CLIP-Seq,24297251,Unspecified
hsa-mir-497-5p,MIMAT0002820,LINC00473,90632,CLIP-Seq,24297251,Unspecified
hsa-mir-497-5p,MIMAT0002820,LINC00473,90632,CLIP-Seq,24297251,Unspecified
hsa-mir-497-5p,MIMAT0002820,ZMIZ1-AS1,283050,CLIP-Seq,24297251,Unspecified
hsa-mir-497-5p,MIMAT0002820,AGAP2-AS1,100130776,CLIP-Seq,24297251,Unspecified
hsa-mir-497-5p,MIMAT0002820,MEG3,55384,CLIP-Seq,24297251,Unspecified
hsa-mir-497-5p,MIMAT0002820,GABPB1-AS1,100129387,CLIP-Seq,24297251,Unspecified
hsa-mir-497-5p,MIMAT0002820,GABPB1-AS1,100129387,CLIP-Seq,24297251,Unspecified
hsa-mir-497-5p,MIMAT0002820,FENDRR,400550,CLIP-Seq,24297251,Unspecified
hsa-mir-497-5p,MIMAT0002820,TBX2-AS1,103689912,CLIP-Seq,24297251,Unspecified
hsa-mir-498,MIMAT0002824,HOTAIRM1,100506311,CLIP-Seq,24297251,Unspecified
hsa-mir-499a-5p,MIMAT0002870,GABPB1-AS1,100129387,CLIP-Seq,24297251,Unspecified
hsa-mir-499b-5p,MIMAT0019897,GABPB1-AS1,100129387,CLIP-Seq,24297251,Unspecified
hsa-mir-5000-3p,MIMAT0021020,ZMIZ1-AS1,283050,CLIP-Seq,24297251,Unspecified
hsa-mir-5000-3p,MIMAT0021020,GABPB1-AS1,100129387,CLIP-Seq,24297251,Unspecified
hsa-mir-5000-3p,MIMAT0021020,TBX2-AS1,103689912,CLIP-Seq,24297251,Unspecified
hsa-mir-5009-3p,MIMAT0021042,GABPB1-AS1,100129387,CLIP-Seq,24297251,Unspecified
hsa-mir-500a-3p,MIMAT0002871,GABPB1-AS1,100129387,CLIP-Seq,24297251,Unspecified
hsa-mir-500b-5p,MIMAT0016925,MBNL1-AS1,401093,CLIP-Seq,24297251,Unspecified
hsa-mir-500b-5p,MIMAT0016925,FENDRR,400550,CLIP-Seq,24297251,Unspecified
hsa-mir-501-3p,MIMAT0004774,LINC00473,90632,CLIP-Seq,24297251,Unspecified
hsa-mir-502-3p,MIMAT0004775,LINC00473,90632,CLIP-Seq,24297251,Unspecified
hsa-mir-503-5p,MIMAT0002874,MBNL1-AS1,401093,CLIP-Seq,24297251,Unspecified
hsa-mir-5047,MIMAT0020541,MBNL1-AS1,401093,CLIP-Seq,24297251,Unspecified
hsa-mir-506-3p,MIMAT0002878,ZMIZ1-AS1,283050,CLIP-Seq,24297251,Unspecified
hsa-mir-506-5p,MIMAT0022701,LINC00473,90632,CLIP-Seq,24297251,Unspecified
hsa-mir-506-5p,MIMAT0022701,GABPB1-AS1,100129387,CLIP-Seq,24297251,Unspecified
hsa-mir-509-3p,MIMAT0002881,GABPB1-AS1,100129387,CLIP-Seq,24297251,Unspecified
hsa-mir-5094,MIMAT0021086,MBNL1-AS1,401093,CLIP-Seq,24297251,Unspecified
hsa-mir-5094,MIMAT0021086,GABPB1-AS1,100129387,CLIP-Seq,24297251,Unspecified
hsa-mir-510-5p,MIMAT0002882,GABPB1-AS1,100129387,CLIP-Seq,24297251,Unspecified
hsa-mir-511-3p,MIMAT0026606,GABPB1-AS1,100129387,CLIP-Seq,24297251,Unspecified
hsa-mir-511-3p,MIMAT0026606,GABPB1-AS1,100129387,CLIP-Seq,24297251,Unspecified
hsa-mir-511-3p,MIMAT0026606,GABPB1-AS1,100129387,CLIP-Seq,24297251,Unspecified
hsa-mir-512-3p,MIMAT0002823,GABPB1-AS1,100129387,CLIP-Seq,24297251,Unspecified
hsa-mir-513a-5p,MIMAT0002877,GABPB1-AS1,100129387,CLIP-Seq,24297251,Unspecified
hsa-mir-513b-5p,MIMAT0005788,GABPB1-AS1,100129387,CLIP-Seq,24297251,Unspecified
hsa-mir-513c-5p,MIMAT0005789,GABPB1-AS1,100129387,CLIP-Seq,24297251,Unspecified
hsa-mir-514a-3p,MIMAT0002883,LUCAT1,100505994,CLIP-Seq,24297251,Unspecified
hsa-mir-514b-3p,MIMAT0015088,LUCAT1,100505994,CLIP-Seq,24297251,Unspecified
hsa-mir-514b-5p,MIMAT0015087,GABPB1-AS1,100129387,CLIP-Seq,24297251,Unspecified
hsa-mir-515-5p,MIMAT0002826,GABPB1-AS1,100129387,CLIP-Seq,24297251,Unspecified
hsa-mir-515-5p,MIMAT0002826,GABPB1-AS1,100129387,CLIP-Seq,24297251,Unspecified
hsa-mir-516b-5p,MIMAT0002859,GABPB1-AS1,100129387,CLIP-Seq,24297251,Unspecified
hsa-mir-516b-5p,MIMAT0002859,FENDRR,400550,CLIP-Seq,24297251,Unspecified
hsa-mir-516b-5p,MIMAT0002859,FENDRR,400550,CLIP-Seq,24297251,Unspecified
hsa-mir-518d-5p,MIMAT0005456,GABPB1-AS1,100129387,CLIP-Seq,24297251,Unspecified
hsa-mir-518e-5p,MIMAT0005450,GABPB1-AS1,100129387,CLIP-Seq,24297251,Unspecified
hsa-mir-518f-5p,MIMAT0002841,GABPB1-AS1,100129387,CLIP-Seq,24297251,Unspecified
hsa-mir-5194,MIMAT0021125,ZMIZ1-AS1,283050,CLIP-Seq,24297251,Unspecified
hsa-mir-5194,MIMAT0021125,ASB16-AS1,339201,CLIP-Seq,24297251,Unspecified
hsa-mir-5195-3p,MIMAT0021127,XXYLT1-AS2,101410543,CLIP-Seq,24297251,Unspecified
hsa-mir-5195-3p,MIMAT0021127,MEG3,55384,CLIP-Seq,24297251,Unspecified
hsa-mir-519a-5p,MIMAT0005452,GABPB1-AS1,100129387,CLIP-Seq,24297251,Unspecified
hsa-mir-519b-5p,MIMAT0005454,GABPB1-AS1,100129387,CLIP-Seq,24297251,Unspecified
hsa-mir-519c-5p,MIMAT0002831,GABPB1-AS1,100129387,CLIP-Seq,24297251,Unspecified
hsa-mir-519d-3p,MIMAT0002853,HOTAIRM1,100506311,CLIP-Seq,24297251,Unspecified
hsa-mir-519d-3p,MIMAT0002853,GABPB1-AS1,100129387,CLIP-Seq,24297251,Unspecified
hsa-mir-519e-5p,MIMAT0002828,GABPB1-AS1,100129387,CLIP-Seq,24297251,Unspecified
hsa-mir-519e-5p,MIMAT0002828,GABPB1-AS1,100129387,CLIP-Seq,24297251,Unspecified
hsa-mir-520a-3p,MIMAT0002834,GABPB1-AS1,100129387,CLIP-Seq,24297251,Unspecified
hsa-mir-520a-5p,MIMAT0002833,GABPB1-AS1,100129387,CLIP-Seq,24297251,Unspecified
hsa-mir-520b,MIMAT0002843,GABPB1-AS1,100129387,CLIP-Seq,24297251,Unspecified
hsa-mir-520c-3p,MIMAT0002846,GABPB1-AS1,100129387,CLIP-Seq,24297251,Unspecified
hsa-mir-520c-5p,MIMAT0005455,GABPB1-AS1,100129387,CLIP-Seq,24297251,Unspecified
hsa-mir-520d-3p,MIMAT0002856,GABPB1-AS1,100129387,CLIP-Seq,24297251,Unspecified
hsa-mir-520d-5p,MIMAT0002855,ZBED5-AS1,729013,CLIP-Seq,24297251,Unspecified
hsa-mir-520d-5p,MIMAT0002855,GABPB1-AS1,100129387,CLIP-Seq,24297251,Unspecified
hsa-mir-520d-5p,MIMAT0002855,GABPB1-AS1,100129387,CLIP-Seq,24297251,Unspecified
hsa-mir-520e,MIMAT0002825,GABPB1-AS1,100129387,CLIP-Seq,24297251,Unspecified
hsa-mir-520f-3p,MIMAT0002830,MBNL1-AS1,401093,CLIP-Seq,24297251,Unspecified
hsa-mir-520f-3p,MIMAT0002830,LINC00473,90632,CLIP-Seq,24297251,Unspecified
hsa-mir-520g-3p,MIMAT0002858,GABPB1-AS1,100129387,CLIP-Seq,24297251,Unspecified
hsa-mir-520g-3p,MIMAT0002858,GABPB1-AS1,100129387,CLIP-Seq,24297251,Unspecified
hsa-mir-520h,MIMAT0002867,GABPB1-AS1,100129387,CLIP-Seq,24297251,Unspecified
hsa-mir-520h,MIMAT0002867,GABPB1-AS1,100129387,CLIP-Seq,24297251,Unspecified
hsa-mir-522-3p,MIMAT0002868,GABPB1-AS1,100129387,CLIP-Seq,24297251,Unspecified
hsa-mir-522-5p,MIMAT0005451,GABPB1-AS1,100129387,CLIP-Seq,24297251,Unspecified
hsa-mir-523-5p,MIMAT0005449,GABPB1-AS1,100129387,CLIP-Seq,24297251,Unspecified
hsa-mir-524-5p,MIMAT0002849,ZBED5-AS1,729013,CLIP-Seq,24297251,Unspecified
hsa-mir-524-5p,MIMAT0002849,GABPB1-AS1,100129387,CLIP-Seq,24297251,Unspecified
hsa-mir-524-5p,MIMAT0002849,GABPB1-AS1,100129387,CLIP-Seq,24297251,Unspecified
hsa-mir-525-5p,MIMAT0002838,GABPB1-AS1,100129387,CLIP-Seq,24297251,Unspecified
hsa-mir-526a,MIMAT0002845,GABPB1-AS1,100129387,CLIP-Seq,24297251,Unspecified
hsa-mir-526b-3p,MIMAT0002836,HOTAIRM1,100506311,CLIP-Seq,24297251,Unspecified
hsa-mir-526b-3p,MIMAT0002836,GABPB1-AS1,100129387,CLIP-Seq,24297251,Unspecified
hsa-mir-526b-5p,MIMAT0002835,GABPB1-AS1,100129387,CLIP-Seq,24297251,Unspecified
hsa-mir-532-3p,MIMAT0004780,MBNL1-AS1,401093,CLIP-Seq,24297251,Unspecified
hsa-mir-541-5p,MIMAT0004919,HOTAIRM1,100506311,CLIP-Seq,24297251,Unspecified
hsa-mir-541-5p,MIMAT0004919,GABPB1-AS1,100129387,CLIP-Seq,24297251,Unspecified
hsa-mir-542-3p,MIMAT0003389,MBNL1-AS1,401093,CLIP-Seq,24297251,Unspecified
hsa-mir-542-3p,MIMAT0003389,LINC00473,90632,CLIP-Seq,24297251,Unspecified
hsa-mir-542-3p,MIMAT0003389,TPT1-AS1,100190939,CLIP-Seq,24297251,Unspecified
hsa-mir-542-3p,MIMAT0003389,MEG3,55384,CLIP-Seq,24297251,Unspecified
hsa-mir-543,MIMAT0004954,MEG3,55384,CLIP-Seq,24297251,Unspecified
hsa-mir-545-3p,MIMAT0003165,LINC00473,90632,CLIP-Seq,24297251,Unspecified
hsa-mir-545-3p,MIMAT0003165,GABPB1-AS1,100129387,CLIP-Seq,24297251,Unspecified
hsa-mir-545-5p,MIMAT0004785,RASSF8-AS1,100506451,CLIP-Seq,24297251,Unspecified
hsa-mir-548o-3p,MIMAT0005919,MBNL1-AS1,401093,CLIP-Seq,24297251,Unspecified
hsa-mir-552-3p,MIMAT0003215,GABPB1-AS1,100129387,CLIP-Seq,24297251,Unspecified
hsa-mir-552-5p,MIMAT0026615,GABPB1-AS1,100129387,CLIP-Seq,24297251,Unspecified
hsa-mir-556-3p,MIMAT0004793,MEG3,55384,CLIP-Seq,24297251,Unspecified
hsa-mir-556-5p,MIMAT0003220,GABPB1-AS1,100129387,CLIP-Seq,24297251,Unspecified
hsa-mir-556-5p,MIMAT0003220,GABPB1-AS1,100129387,CLIP-Seq,24297251,Unspecified
hsa-mir-5579-3p,MIMAT0022270,GABPB1-AS1,100129387,CLIP-Seq,24297251,Unspecified
hsa-mir-5590-3p,MIMAT0022300,LINC00473,90632,CLIP-Seq,24297251,Unspecified
hsa-mir-5590-3p,MIMAT0022300,HOTAIRM1,100506311,CLIP-Seq,24297251,Unspecified
hsa-mir-561-5p,MIMAT0022706,ZMIZ1-AS1,283050,CLIP-Seq,24297251,Unspecified
hsa-mir-561-5p,MIMAT0022706,MEG3,55384,CLIP-Seq,24297251,Unspecified
hsa-mir-561-5p,MIMAT0022706,GABPB1-AS1,100129387,CLIP-Seq,24297251,Unspecified
hsa-mir-5688,MIMAT0022479,LUCAT1,100505994,CLIP-Seq,24297251,Unspecified
hsa-mir-5688,MIMAT0022479,FENDRR,400550,CLIP-Seq,24297251,Unspecified
hsa-mir-5691,MIMAT0022483,MBNL1-AS1,401093,CLIP-Seq,24297251,Unspecified
hsa-mir-5691,MIMAT0022483,LINC00473,90632,CLIP-Seq,24297251,Unspecified
hsa-mir-5691,MIMAT0022483,RASSF8-AS1,100506451,CLIP-Seq,24297251,Unspecified
hsa-mir-574-5p,MIMAT0004795,XXYLT1-AS2,101410543,CLIP-Seq,24297251,Unspecified
hsa-mir-576-5p,MIMAT0003241,GABPB1-AS1,100129387,CLIP-Seq,24297251,Unspecified
hsa-mir-576-5p,MIMAT0003241,GABPB1-AS1,100129387,CLIP-Seq,24297251,Unspecified
hsa-mir-577,MIMAT0003242,LINC00520,645687,CLIP-Seq,24297251,Unspecified
hsa-mir-579-3p,MIMAT0003244,HOTAIRM1,100506311,CLIP-Seq,24297251,Unspecified
hsa-mir-579-3p,MIMAT0003244,GABPB1-AS1,100129387,CLIP-Seq,24297251,Unspecified
hsa-mir-582-3p,MIMAT0004797,ZMIZ1-AS1,283050,CLIP-Seq,24297251,Unspecified
hsa-mir-582-5p,MIMAT0003247,LIMD1-AS1,644714,CLIP-Seq,24297251,Unspecified
hsa-mir-582-5p,MIMAT0003247,PAXIP1-AS2,100132707,CLIP-Seq,24297251,Unspecified
hsa-mir-582-5p,MIMAT0003247,RASSF8-AS1,100506451,CLIP-Seq,24297251,Unspecified
hsa-mir-582-5p,MIMAT0003247,GABPB1-AS1,100129387,CLIP-Seq,24297251,Unspecified
hsa-mir-582-5p,MIMAT0003247,GABPB1-AS1,100129387,CLIP-Seq,24297251,Unspecified
hsa-mir-584-5p,MIMAT0003249,ADAMTS9-AS2,100507098,CLIP-Seq,24297251,Unspecified
hsa-mir-584-5p,MIMAT0003249,GABPB1-AS1,100129387,CLIP-Seq,24297251,Unspecified
hsa-mir-588,MIMAT0003255,GABPB1-AS1,100129387,CLIP-Seq,24297251,Unspecified
hsa-mir-589-5p,MIMAT0004799,TPT1-AS1,100190939,CLIP-Seq,24297251,Unspecified
hsa-mir-589-5p,MIMAT0004799,MAP3K14-AS1,100133991,CLIP-Seq,24297251,Unspecified
hsa-mir-599,MIMAT0003267,ASB16-AS1,339201,CLIP-Seq,24297251,Unspecified
hsa-mir-605-3p,MIMAT0026621,MEG3,55384,CLIP-Seq,24297251,Unspecified
hsa-mir-605-3p,MIMAT0026621,GABPB1-AS1,100129387,CLIP-Seq,24297251,Unspecified
hsa-mir-605-3p,MIMAT0026621,GABPB1-AS1,100129387,CLIP-Seq,24297251,Unspecified
hsa-mir-6088,MIMAT0023713,XXYLT1-AS2,101410543,CLIP-Seq,24297251,Unspecified
hsa-mir-6088,MIMAT0023713,MEG3,55384,CLIP-Seq,24297251,Unspecified
hsa-mir-6088,MIMAT0023713,GABPB1-AS1,100129387,CLIP-Seq,24297251,Unspecified
hsa-mir-624-5p,MIMAT0003293,GABPB1-AS1,100129387,CLIP-Seq,24297251,Unspecified
hsa-mir-624-5p,MIMAT0003293,FENDRR,400550,CLIP-Seq,24297251,Unspecified
hsa-mir-625-5p,MIMAT0003294,GABPB1-AS1,100129387,CLIP-Seq,24297251,Unspecified
hsa-mir-627-5p,MIMAT0003296,GABPB1-AS1,100129387,CLIP-Seq,24297251,Unspecified
hsa-mir-628-5p,MIMAT0004809,AGAP2-AS1,100130776,CLIP-Seq,24297251,Unspecified
hsa-mir-628-5p,MIMAT0004809,AGAP2-AS1,100130776,CLIP-Seq,24297251,Unspecified
hsa-mir-641,MIMAT0003311,GABPB1-AS1,100129387,CLIP-Seq,24297251,Unspecified
hsa-mir-642a-3p,MIMAT0020924,LUCAT1,100505994,CLIP-Seq,24297251,Unspecified
hsa-mir-642a-5p,MIMAT0003312,MEG3,55384,CLIP-Seq,24297251,Unspecified
hsa-mir-642a-5p,MIMAT0003312,GABPB1-AS1,100129387,CLIP-Seq,24297251,Unspecified
hsa-mir-642a-5p,MIMAT0003312,GABPB1-AS1,100129387,CLIP-Seq,24297251,Unspecified
hsa-mir-642b-3p,MIMAT0018444,LUCAT1,100505994,CLIP-Seq,24297251,Unspecified
hsa-mir-642b-5p,MIMAT0022736,TBX2-AS1,103689912,CLIP-Seq,24297251,Unspecified
hsa-mir-650,MIMAT0003320,ZMIZ1-AS1,283050,CLIP-Seq,24297251,Unspecified
hsa-mir-650,MIMAT0003320,ASB16-AS1,339201,CLIP-Seq,24297251,Unspecified
hsa-mir-650,MIMAT0003320,ASB16-AS1,339201,CLIP-Seq,24297251,Unspecified
hsa-mir-6504-5p,MIMAT0025464,AGAP2-AS1,100130776,CLIP-Seq,24297251,Unspecified
hsa-mir-651-5p,MIMAT0003321,GABPB1-AS1,100129387,CLIP-Seq,24297251,Unspecified
hsa-mir-6512-3p,MIMAT0025481,MEG3,55384,CLIP-Seq,24297251,Unspecified
hsa-mir-6512-3p,MIMAT0025481,GABPB1-AS1,100129387,CLIP-Seq,24297251,Unspecified
hsa-mir-6512-3p,MIMAT0025481,GABPB1-AS1,100129387,CLIP-Seq,24297251,Unspecified
hsa-mir-6512-3p,MIMAT0025481,TBX2-AS1,103689912,CLIP-Seq,24297251,Unspecified
hsa-mir-652-3p,MIMAT0003322,ASB16-AS1,339201,CLIP-Seq,24297251,Unspecified
hsa-mir-653-5p,MIMAT0003328,GABPB1-AS1,100129387,CLIP-Seq,24297251,Unspecified
hsa-mir-653-5p,MIMAT0003328,GABPB1-AS1,100129387,CLIP-Seq,24297251,Unspecified
hsa-mir-654-3p,MIMAT0004814,GABPB1-AS1,100129387,CLIP-Seq,24297251,Unspecified
hsa-mir-656-3p,MIMAT0003332,FENDRR,400550,CLIP-Seq,24297251,Unspecified
hsa-mir-663a,MIMAT0003326,MBNL1-AS1,401093,CLIP-Seq,24297251,Unspecified
hsa-mir-663a,MIMAT0003326,TPT1-AS1,100190939,CLIP-Seq,24297251,Unspecified
hsa-mir-663a,MIMAT0003326,TBX2-AS1,103689912,CLIP-Seq,24297251,Unspecified
hsa-mir-664b-3p,MIMAT0022272,HOTAIRM1,100506311,CLIP-Seq,24297251,Unspecified
hsa-mir-664b-3p,MIMAT0022272,GABPB1-AS1,100129387,CLIP-Seq,24297251,Unspecified
hsa-mir-665,MIMAT0004952,MEG3,55384,CLIP-Seq,24297251,Unspecified
hsa-mir-668-3p,MIMAT0003881,MEG3,55384,CLIP-Seq,24297251,Unspecified
hsa-mir-670-3p,MIMAT0026640,GABPB1-AS1,100129387,CLIP-Seq,24297251,Unspecified
hsa-mir-670-3p,MIMAT0026640,GABPB1-AS1,100129387,CLIP-Seq,24297251,Unspecified
hsa-mir-670-3p,MIMAT0026640,GABPB1-AS1,100129387,CLIP-Seq,24297251,Unspecified
hsa-mir-670-3p,MIMAT0026640,ASB16-AS1,339201,CLIP-Seq,24297251,Unspecified
hsa-mir-670-5p,MIMAT0010357,MEG3,55384,CLIP-Seq,24297251,Unspecified
hsa-mir-671-5p,MIMAT0003880,LINC00473,90632,CLIP-Seq,24297251,Unspecified
hsa-mir-671-5p,MIMAT0003880,TPT1-AS1,100190939,CLIP-Seq,24297251,Unspecified
hsa-mir-671-5p,MIMAT0003880,ASB16-AS1,339201,CLIP-Seq,24297251,Unspecified
hsa-mir-6720-5p,MIMAT0027345,MEG3,55384,CLIP-Seq,24297251,Unspecified
hsa-mir-6720-5p,MIMAT0027345,GABPB1-AS1,100129387,CLIP-Seq,24297251,Unspecified
hsa-mir-6720-5p,MIMAT0027345,GABPB1-AS1,100129387,CLIP-Seq,24297251,Unspecified
hsa-mir-6720-5p,MIMAT0027345,TBX2-AS1,103689912,CLIP-Seq,24297251,Unspecified
hsa-mir-6738-5p,MIMAT0027377,ZMIZ1-AS1,283050,CLIP-Seq,24297251,Unspecified
hsa-mir-6738-5p,MIMAT0027377,ASB16-AS1,339201,CLIP-Seq,24297251,Unspecified
hsa-mir-6746-3p,MIMAT0027393,PAXIP1-AS2,100132707,CLIP-Seq,24297251,Unspecified
hsa-mir-6746-3p,MIMAT0027393,PAXIP1-AS2,100132707,CLIP-Seq,24297251,Unspecified
hsa-mir-6763-5p,MIMAT0027426,ZMIZ1-AS1,283050,CLIP-Seq,24297251,Unspecified
hsa-mir-6763-5p,MIMAT0027426,LINC00520,645687,CLIP-Seq,24297251,Unspecified
hsa-mir-6763-5p,MIMAT0027426,MEG3,55384,CLIP-Seq,24297251,Unspecified
hsa-mir-6766-3p,MIMAT0027433,MEG3,55384,CLIP-Seq,24297251,Unspecified
hsa-mir-6783-3p,MIMAT0027467,TBX2-AS1,103689912,CLIP-Seq,24297251,Unspecified
hsa-mir-6783-3p,MIMAT0027467,TBX2-AS1,103689912,CLIP-Seq,24297251,Unspecified
hsa-mir-6787-5p,MIMAT0027474,MBNL1-AS1,401093,CLIP-Seq,24297251,Unspecified
hsa-mir-6787-5p,MIMAT0027474,TPT1-AS1,100190939,CLIP-Seq,24297251,Unspecified
hsa-mir-6787-5p,MIMAT0027474,TBX2-AS1,103689912,CLIP-Seq,24297251,Unspecified
hsa-mir-6805-3p,MIMAT0027511,MBNL1-AS1,401093,CLIP-Seq,24297251,Unspecified
hsa-mir-6805-3p,MIMAT0027511,LINC00473,90632,CLIP-Seq,24297251,Unspecified
hsa-mir-6805-3p,MIMAT0027511,RASSF8-AS1,100506451,CLIP-Seq,24297251,Unspecified
hsa-mir-6807-3p,MIMAT0027515,GABPB1-AS1,100129387,CLIP-Seq,24297251,Unspecified
hsa-mir-6816-5p,MIMAT0027532,HOTAIRM1,100506311,CLIP-Seq,24297251,Unspecified
hsa-mir-6823-3p,MIMAT0027547,FENDRR,400550,CLIP-Seq,24297251,Unspecified
hsa-mir-6838-5p,MIMAT0027578,MBNL1-AS1,401093,CLIP-Seq,24297251,Unspecified
hsa-mir-6838-5p,MIMAT0027578,LINC00473,90632,CLIP-Seq,24297251,Unspecified
hsa-mir-6838-5p,MIMAT0027578,LINC00473,90632,CLIP-Seq,24297251,Unspecified
hsa-mir-6838-5p,MIMAT0027578,LINC00473,90632,CLIP-Seq,24297251,Unspecified
hsa-mir-6838-5p,MIMAT0027578,ZMIZ1-AS1,283050,CLIP-Seq,24297251,Unspecified
hsa-mir-6838-5p,MIMAT0027578,AGAP2-AS1,100130776,CLIP-Seq,24297251,Unspecified
hsa-mir-6838-5p,MIMAT0027578,MEG3,55384,CLIP-Seq,24297251,Unspecified
hsa-mir-6838-5p,MIMAT0027578,GABPB1-AS1,100129387,CLIP-Seq,24297251,Unspecified
hsa-mir-6838-5p,MIMAT0027578,GABPB1-AS1,100129387,CLIP-Seq,24297251,Unspecified
hsa-mir-6838-5p,MIMAT0027578,FENDRR,400550,CLIP-Seq,24297251,Unspecified
hsa-mir-6838-5p,MIMAT0027578,TBX2-AS1,103689912,CLIP-Seq,24297251,Unspecified
hsa-mir-6852-3p,MIMAT0027605,GABPB1-AS1,100129387,CLIP-Seq,24297251,Unspecified
hsa-mir-6875-5p,MIMAT0027650,ZMIZ1-AS1,283050,CLIP-Seq,24297251,Unspecified
hsa-mir-6875-5p,MIMAT0027650,TPT1-AS1,100190939,CLIP-Seq,24297251,Unspecified
hsa-mir-6875-5p,MIMAT0027650,ASB16-AS1,339201,CLIP-Seq,24297251,Unspecified
hsa-mir-6884-5p,MIMAT0027668,MBNL1-AS1,401093,CLIP-Seq,24297251,Unspecified
hsa-mir-6884-5p,MIMAT0027668,XXYLT1-AS2,101410543,CLIP-Seq,24297251,Unspecified
hsa-mir-6884-5p,MIMAT0027668,RASSF8-AS1,100506451,CLIP-Seq,24297251,Unspecified
hsa-mir-6884-5p,MIMAT0027668,MEG3,55384,CLIP-Seq,24297251,Unspecified
hsa-mir-6884-5p,MIMAT0027668,GABPB1-AS1,100129387,CLIP-Seq,24297251,Unspecified
hsa-mir-6884-5p,MIMAT0027668,GABPB1-AS1,100129387,CLIP-Seq,24297251,Unspecified
hsa-mir-7-5p,MIMAT0000252,MEG3,55384,CLIP-Seq,24297251,Unspecified
hsa-mir-7-5p,MIMAT0000252,MEG3,55384,CLIP-Seq,24297251,Unspecified
hsa-mir-708-5p,MIMAT0004926,MBNL1-AS1,401093,CLIP-Seq,24297251,Unspecified
hsa-mir-708-5p,MIMAT0004926,MBNL1-AS1,401093,CLIP-Seq,24297251,Unspecified
hsa-mir-708-5p,MIMAT0004926,FENDRR,400550,CLIP-Seq,24297251,Unspecified
hsa-mir-7114-3p,MIMAT0028126,GABPB1-AS1,100129387,CLIP-Seq,24297251,Unspecified
hsa-mir-7151-5p,MIMAT0028212,GABPB1-AS1,100129387,CLIP-Seq,24297251,Unspecified
hsa-mir-7153-5p,MIMAT0028216,TBX2-AS1,103689912,CLIP-Seq,24297251,Unspecified
hsa-mir-744-5p,MIMAT0004945,TBX2-AS1,103689912,CLIP-Seq,24297251,Unspecified
hsa-mir-760,MIMAT0004957,ASB16-AS1,339201,CLIP-Seq,24297251,Unspecified
hsa-mir-760,MIMAT0004957,ASB16-AS1,339201,CLIP-Seq,24297251,Unspecified
hsa-mir-761,MIMAT0010364,FENDRR,400550,CLIP-Seq,24297251,Unspecified
hsa-mir-761,MIMAT0010364,ASB16-AS1,339201,CLIP-Seq,24297251,Unspecified
hsa-mir-761,MIMAT0010364,TBX2-AS1,103689912,CLIP-Seq,24297251,Unspecified
hsa-mir-766-5p,MIMAT0022714,ZMIZ1-AS1,283050,CLIP-Seq,24297251,Unspecified
hsa-mir-766-5p,MIMAT0022714,ZBED5-AS1,729013,CLIP-Seq,24297251,Unspecified
hsa-mir-766-5p,MIMAT0022714,TPT1-AS1,100190939,CLIP-Seq,24297251,Unspecified
hsa-mir-766-5p,MIMAT0022714,GABPB1-AS1,100129387,CLIP-Seq,24297251,Unspecified
hsa-mir-769-5p,MIMAT0003886,ASB16-AS1,339201,CLIP-Seq,24297251,Unspecified
hsa-mir-770-5p,MIMAT0003948,FENDRR,400550,CLIP-Seq,24297251,Unspecified
hsa-mir-7853-5p,MIMAT0030428,TPT1-AS1,100190939,CLIP-Seq,24297251,Unspecified
hsa-mir-7853-5p,MIMAT0030428,GABPB1-AS1,100129387,CLIP-Seq,24297251,Unspecified
hsa-mir-802,MIMAT0004185,LINC01291,102724515,CLIP-Seq,24297251,Unspecified
hsa-mir-802,MIMAT0004185,HOTAIRM1,100506311,CLIP-Seq,24297251,Unspecified
hsa-mir-802,MIMAT0004185,RASSF8-AS1,100506451,CLIP-Seq,24297251,Unspecified
hsa-mir-802,MIMAT0004185,GABPB1-AS1,100129387,CLIP-Seq,24297251,Unspecified
hsa-mir-802,MIMAT0004185,GABPB1-AS1,100129387,CLIP-Seq,24297251,Unspecified
hsa-mir-802,MIMAT0004185,GABPB1-AS1,100129387,CLIP-Seq,24297251,Unspecified
hsa-mir-873-3p,MIMAT0022717,GABPB1-AS1,100129387,CLIP-Seq,24297251,Unspecified
hsa-mir-873-3p,MIMAT0022717,ASB16-AS1,339201,CLIP-Seq,24297251,Unspecified
hsa-mir-873-5p,MIMAT0004953,AGAP2-AS1,100130776,CLIP-Seq,24297251,Unspecified
hsa-mir-873-5p,MIMAT0004953,GABPB1-AS1,100129387,CLIP-Seq,24297251,Unspecified
hsa-mir-876-5p,MIMAT0004924,GABPB1-AS1,100129387,CLIP-Seq,24297251,Unspecified
hsa-mir-876-5p,MIMAT0004924,GABPB1-AS1,100129387,CLIP-Seq,24297251,Unspecified
hsa-mir-877-5p,MIMAT0004949,LINC01291,102724515,CLIP-Seq,24297251,Unspecified
hsa-mir-885-5p,MIMAT0004947,MEG3,55384,CLIP-Seq,24297251,Unspecified
hsa-mir-888-5p,MIMAT0004916,MEG3,55384,CLIP-Seq,24297251,Unspecified
hsa-mir-888-5p,MIMAT0004916,GABPB1-AS1,100129387,CLIP-Seq,24297251,Unspecified
hsa-mir-888-5p,MIMAT0004916,GABPB1-AS1,100129387,CLIP-Seq,24297251,Unspecified
hsa-mir-888-5p,MIMAT0004916,GABPB1-AS1,100129387,CLIP-Seq,24297251,Unspecified
hsa-mir-888-5p,MIMAT0004916,GABPB1-AS1,100129387,CLIP-Seq,24297251,Unspecified
hsa-mir-892c-3p,MIMAT0025858,GABPB1-AS1,100129387,CLIP-Seq,24297251,Unspecified
hsa-mir-892c-3p,MIMAT0025858,GABPB1-AS1,100129387,CLIP-Seq,24297251,Unspecified
hsa-mir-892c-3p,MIMAT0025858,GABPB1-AS1,100129387,CLIP-Seq,24297251,Unspecified
hsa-mir-892c-3p,MIMAT0025858,GABPB1-AS1,100129387,CLIP-Seq,24297251,Unspecified
hsa-mir-892c-3p,MIMAT0025858,ASB16-AS1,339201,CLIP-Seq,24297251,Unspecified
hsa-mir-892c-5p,MIMAT0025857,LUCAT1,100505994,CLIP-Seq,24297251,Unspecified
hsa-mir-892c-5p,MIMAT0025857,LINC00473,90632,CLIP-Seq,24297251,Unspecified
hsa-mir-892c-5p,MIMAT0025857,LINC00473,90632,CLIP-Seq,24297251,Unspecified
hsa-mir-892c-5p,MIMAT0025857,PAXIP1-AS2,100132707,CLIP-Seq,24297251,Unspecified
hsa-mir-892c-5p,MIMAT0025857,FENDRR,400550,CLIP-Seq,24297251,Unspecified
hsa-mir-892c-5p,MIMAT0025857,ASB16-AS1,339201,CLIP-Seq,24297251,Unspecified
hsa-mir-9-5p,MIMAT0000441,PAXIP1-AS2,100132707,CLIP-Seq,24297251,Unspecified
hsa-mir-9-5p,MIMAT0000441,GABPB1-AS1,100129387,CLIP-Seq,24297251,Unspecified
hsa-mir-92a-3p,MIMAT0000092,GABPB1-AS1,100129387,CLIP-Seq,24297251,Unspecified
hsa-mir-92b-3p,MIMAT0003218,GABPB1-AS1,100129387,CLIP-Seq,24297251,Unspecified
hsa-mir-93-5p,MIMAT0000093,HOTAIRM1,100506311,CLIP-Seq,24297251,Unspecified
hsa-mir-93-5p,MIMAT0000093,GABPB1-AS1,100129387,CLIP-Seq,24297251,Unspecified
hsa-mir-941,MIMAT0004984,GABPB1-AS1,100129387,CLIP-Seq,24297251,Unspecified
hsa-mir-941,MIMAT0004984,ASB16-AS1,339201,CLIP-Seq,24297251,Unspecified
hsa-mir-942-5p,MIMAT0004985,MEG3,55384,CLIP-Seq,24297251,Unspecified
hsa-mir-942-5p,MIMAT0004985,GABPB1-AS1,100129387,CLIP-Seq,24297251,Unspecified
hsa-mir-942-5p,MIMAT0004985,GABPB1-AS1,100129387,CLIP-Seq,24297251,Unspecified
hsa-mir-944,MIMAT0004987,GABPB1-AS1,100129387,CLIP-Seq,24297251,Unspecified
hsa-mir-95-3p,MIMAT0000094,TBX2-AS1,103689912,CLIP-Seq,24297251,Unspecified
